id_noticia,titulo,url,medio,idioma,fecha_publicacion,fecha_deteccion,fecha_extraccion,tema,origen,alcance_texto
Tc7448aad70,"Aprehenden a Enrique Lau, exdirector de la CSS, por supuesto enriquecimiento injustificado",https://www.tvn-2.com/nacionales/judicial/aprehenden-enrique-lau-exdirector-css_1_2264560.html,tvn.com.pa,es,2026-10-06T11:50:00+00:00,,2026-10-06T21:24:22+00:00,,tvn_rss,titular/metadatos
Tf8a174c461,MOP solicita $43.1 millones para pagar compromisos y continuar obras en ejecución,https://www.tvn-2.com/nacionales/mop-solicita-43-1-millones-comision-presupuesto-obras-en-ejecucion_1_2264626.html,tvn.com.pa,es,2026-10-06T18:57:35+00:00,,2026-10-06T21:24:22+00:00,,tvn_rss,titular/metadatos
T3c5e8c9092,Suspenden audiencia contra Genaro López y otros miembros del Suntracs,https://www.tvn-2.com/nacionales/judicial/suspenden-audiencia-genaro-lopez-miembros_1_2264607.html,tvn.com.pa,es,2026-10-06T17:52:35+00:00,,2026-10-06T21:24:22+00:00,,tvn_rss,titular/metadatos
T9aac77643f,PASE-U: compras con la billetera de Caja de Ahorros superan los $45 millones desde junio,https://www.tvn-2.com/nacionales/paseu-compras-billetera-caja-ahorros_1_2264590.html,tvn.com.pa,es,2026-10-06T16:03:48+00:00,,2026-10-06T21:24:22+00:00,,tvn_rss,titular/metadatos
T2ec94a8b64,Lionel Messi despedida| Argentina vs Benín: previa de un partido que promete quedar para la historia,https://www.tvn-2.com/tvmax/futbol-internacional/lionel-messi-despedida-argentina-vs-benin-previa-partido_1_2264530.html,tvn.com.pa,es,2026-10-06T12:00:25+00:00,,2026-10-06T21:24:22+00:00,,tvn_rss,titular/metadatos
T9ff9457539,Alcaldesa Stefany Peñalba: residentes  protestan frente al Municipio de Arraiján y exigen auditorías contra su gestión,https://www.tvn-2.com/nacionales/provincias/stefany-penalba-residentes-protesta-frente-municipio-de-arraijan-piden-auditoria_1_2264603.html,tvn.com.pa,es,2026-10-06T18:24:07+00:00,,2026-10-06T21:24:22+00:00,,tvn_rss,titular/metadatos
T95f818d4f2,Nerys Pérez responde con humor a los comentarios sobre el vestido que usó en un baile,https://www.tvn-2.com/entretenimiento/nerys-perez-responde-humor-comentarios-vestido-baile-vladimir-atencio_1_2264599.html,tvn.com.pa,es,2026-10-06T18:15:47+00:00,,2026-10-06T21:24:22+00:00,,tvn_rss,titular/metadatos
T67760aa912,Contenido Exclusivo: El metro por la Tumba Muerto,https://www.tvn-2.com/contenido-exclusivo/contenido-exclusivo-metro-tumba-muerto-transporte-panama_1_2264473.html,tvn.com.pa,es,2026-10-06T00:47:04+00:00,,2026-10-06T21:24:22+00:00,,tvn_rss,titular/metadatos
Ta692c1a30a,MLB Playoffs 2026 resultado| Yankees están contra la pared con nueva derrota ante Rays. José 'Chema' Caballero se estrena en postemporada,https://www.tvn-2.com/tvmax/beisbol/mlb/yankees-vs-rays-en-vivo-mlb-playoffs-2026-resultado-partido-divisional-series-beisbol-grandes-ligas_1_2264504.html,tvn.com.pa,es,2026-10-05T23:55:06+00:00,,2026-10-06T21:24:22+00:00,,tvn_rss,titular/metadatos
Tede68956fe,Tres hombres asaltan casino y despojan a clientes de sus pertenencias en San Miguelito,https://www.tvn-2.com/nacionales/tres-hombres-asaltan-casino-despojan_1_2264464.html,tvn.com.pa,es,2026-10-05T22:12:26+00:00,,2026-10-06T21:24:22+00:00,,tvn_rss,titular/metadatos
T8345efcf73,Príncipes de Gales: los nombres que usan en el colegio sus hijos,https://www.tvn-2.com/entretenimiento/principe-william-kate-middleton-nombres-usan-colegio-hijos_1_2264534.html,tvn.com.pa,es,2026-10-06T21:00:19+00:00,,2026-10-06T21:24:22+00:00,,tvn_rss,titular/metadatos
Teb754d221e,Panamá mantiene vigilancia epidemiológica ante caso sospechoso de peste neumónica en Rusia,https://www.tvn-2.com/nacionales/panama-mantiene-vigilancia-minsa-peste-neumonica-en-rusia-caso-rusia_1_2264648.html,tvn.com.pa,es,2026-10-06T20:53:52+00:00,,2026-10-06T21:24:22+00:00,,tvn_rss,titular/metadatos
T7bb199ba28,Canal de Panamá: Suspensión temporal de operaciones de potabilizadora de Miraflores este miércoles,https://www.tvn-2.com/nacionales/atencion-canal-panama-anuncia-suspension_1_2264649.html,tvn.com.pa,es,2026-10-06T20:52:31+00:00,,2026-10-06T21:24:22+00:00,,tvn_rss,titular/metadatos
Ta0993c4b63,"Sinaproc extiende vigilancia por lluvias, tormentas y vientos hasta el viernes",https://www.tvn-2.com/nacionales/sinaproc-extiende-vigilancia-lluvias-tormentas_1_2264646.html,tvn.com.pa,es,2026-10-06T20:51:59+00:00,,2026-10-06T21:24:22+00:00,,tvn_rss,titular/metadatos
T0eeb2a8a38,Agroferias del IMA: Conozca dónde se realizarán este miércoles,https://www.tvn-2.com/nacionales/agroferias-ima-conozca-realizaran-miercoles_1_2264647.html,tvn.com.pa,es,2026-10-06T20:48:10+00:00,,2026-10-06T21:24:22+00:00,,tvn_rss,titular/metadatos
Tf040ce7a44,Chiriquí: taxista es asesinado a puñaladas en Remedios,https://www.tvn-2.com/nacionales/provincias/chiriqui-taxista-asesinado-punaladas-remedios_1_2264612.html,tvn.com.pa,es,2026-10-06T20:46:15+00:00,,2026-10-06T21:24:22+00:00,,tvn_rss,titular/metadatos
T782ea4783c,Kenia anuncia la primera muerte por ébola en el país,https://www.tvn-2.com/mundo/africa/kenia-anuncia-primera-muerte-ebola_1_2264549.html,tvn.com.pa,es,2026-10-06T11:20:51+00:00,,2026-10-06T21:24:22+00:00,,tvn_rss,titular/metadatos
T871ee71672,Más de 30 mujeres han muerto de forma violenta en Panamá este año,https://www.tvn-2.com/nacionales/30-mujeres-han-muerto-forma_1_2264499.html,tvn.com.pa,es,2026-10-06T01:30:01+00:00,,2026-10-06T21:24:22+00:00,,tvn_rss,titular/metadatos
Tf75c963d85,"Lionel Messi despedida | Argentina vs Benín: El último partido, fiesta de agradecimiento en el Monumental",https://www.tvn-2.com/tvmax/futbol-internacional/lionel-messi-despedida-estadio-monumental-buenos-aires-argentina-vs-benin_1_2264548.html,tvn.com.pa,es,2026-10-06T14:59:32+00:00,,2026-10-06T21:24:22+00:00,,tvn_rss,titular/metadatos
Tc132678d1b,Mafe Achurra comparte el tierno momento en que le canta 'Antología' a su bebé,https://www.tvn-2.com/entretenimiento/mafe-achurra-comparte-tierno-momento-canta-antologia-shakira-bebe-embarazo_1_2264579.html,tvn.com.pa,es,2026-10-06T14:44:39+00:00,,2026-10-06T21:24:22+00:00,,tvn_rss,titular/metadatos
T4d4d3eb02d,"Contenido Exclusivo: Coclé, se seca el campo",https://www.tvn-2.com/contenido-exclusivo/contenido-exclusivo-cocle-seca-campo-fenomeno-de-el-nino-clima-agua-produccion-sequia_1_2263614.html,tvn.com.pa,es,2026-10-01T01:31:04+00:00,,2026-10-06T21:24:22+00:00,,tvn_rss,titular/metadatos
Ta2b38044e8,Contenido Exclusivo: Turismo en transporte público,https://www.tvn-2.com/contenido-exclusivo/contenido-exclusivo-turismo-transporte-publico_1_2263290.html,tvn.com.pa,es,2026-09-29T01:23:06+00:00,,2026-10-06T21:24:22+00:00,,tvn_rss,titular/metadatos
T824149c61a,"Conciliaciones entre consumidores y comercios superan los $12.5 millones hasta agosto, según Acodeco",https://www.tvn-2.com/nacionales/conciliaciones-consumidores-comercios-superan-12-millones-informe-acodeco_1_2264595.html,tvn.com.pa,es,2026-10-06T18:26:32+00:00,,2026-10-06T21:24:22+00:00,,tvn_rss,titular/metadatos
T0f74f54dfe,"Arranca la Semana de la Responsabilidad Social Empresarial con enfoque en sostenibilidad, juventud y el futuro",https://www.tvn-2.com/nacionales/arranca-semana-responsabilidad-social-empresarial-sumarse-juventud-retos-futuro_1_2264570.html,tvn.com.pa,es,2026-10-06T13:35:00+00:00,,2026-10-06T21:24:22+00:00,,tvn_rss,titular/metadatos
Tc04686ea90,Colegios particulares atribuyen aumento de matrícula a migración al sector oficial y altos costos de operación,https://www.tvn-2.com/nacionales/colegios-particulares-estudiantes-aumento-matricula-mayores-gastos-informe-acodeco_1_2264562.html,tvn.com.pa,es,2026-10-06T12:41:06+00:00,,2026-10-06T21:24:22+00:00,,tvn_rss,titular/metadatos
Tfe12883263,Mujer es aprehendida en Santiago tras hallazgo de 162 paquetes de presunta droga en el vehículo que conducía,https://www.tvn-2.com/nacionales/mujer-aprehendida-santiago-hallazgo-162-paquetes-droga_1_2264577.html,tvn.com.pa,es,2026-10-06T16:21:42+00:00,,2026-10-06T21:24:22+00:00,,tvn_rss,titular/metadatos
Tc7010d3172,"Descentralización explica qué incluye el proyecto de $293,715 para 15 juntas comunales",https://www.tvn-2.com/nacionales/autoridad-nacional-descentralizacion-explica-incluye-proyecto-junta-comunales_1_2264582.html,tvn.com.pa,es,2026-10-06T14:51:46+00:00,,2026-10-06T21:24:22+00:00,,tvn_rss,titular/metadatos
T21dde21c44,Reformas electorales: Blandón defiende el 3% para nuevos partidos y rechaza aumento del financiamiento privado,https://www.tvn-2.com/nacionales/reformas-electorales-blandon-defiende-3_1_2264565.html,tvn.com.pa,es,2026-10-06T13:00:36+00:00,,2026-10-06T21:24:22+00:00,,tvn_rss,titular/metadatos
Te569818877,Panamá reforzará su presencia marítima en Vietnam con nueva oficina de servicio técnico de la AMP en Ho Chi Minh,https://www.tvn-2.com/nacionales/panama-reforzara-presencia-maritima-vietnam-autoridad-maritima-de-panama-registro-de-buques_1_2264552.html,tvn.com.pa,es,2026-10-06T11:57:42+00:00,,2026-10-06T21:24:22+00:00,,tvn_rss,titular/metadatos
T15f53f4eba,Obispos panameños presentarán en Roma la realidad de sus diócesis durante la visita ad limina,https://www.tvn-2.com/nacionales/arzobispo-participa-roma-encuentro-papa-leon-xiv-jose-domingo-ulloa-mendieta_1_2264583.html,tvn.com.pa,es,2026-10-06T16:48:00+00:00,,2026-10-06T21:24:22+00:00,,tvn_rss,titular/metadatos
T8e88df7af3,Asesinan a taxista en Remedios; fue hallado dentro de su vehículo con varias heridas,https://www.tvn-2.com/nacionales/asesinan-taxista-remedios-hallado-vehiculo-varias-heridas_1_2264601.html,tvn.com.pa,es,2026-10-06T18:13:55+00:00,,2026-10-06T21:24:22+00:00,,tvn_rss,titular/metadatos
T60e83e8961,Pase-U: Largas filas en Changuinola en el segundo día de entrega de tarjetas Punch del Ifarhu,https://www.tvn-2.com/nacionales/pase-u-pago-de-becas-ifarhu-largas-filas-changuinola_1_2264609.html,tvn.com.pa,es,2026-10-06T18:12:50+00:00,,2026-10-06T21:24:22+00:00,,tvn_rss,titular/metadatos
T82ca3f6d00,La Chorrera proyecta renovar el parque Tomás Martín Feuillet con una inversión de 620 mil dólares,https://www.tvn-2.com/nacionales/la-chorrera-proyecta-renovar-parque-tomas-martin-feuillet-inversion-620-mil_1_2264420.html,tvn.com.pa,es,2026-10-05T18:30:34+00:00,,2026-10-06T21:24:22+00:00,,tvn_rss,titular/metadatos
T1c82fc5a1a,Líderes 360 | Mario Castrellón: la visión de un chef que convirtió la gastronomía panameña en una marca país,https://www.tvn-2.com/lideres-360/lideres-360-mario-castrellon-chef-gastronomia-panama-maito_1_2254177.html,tvn.com.pa,es,2026-08-07T12:15:31+00:00,,2026-10-06T21:24:22+00:00,,tvn_rss,titular/metadatos
T7f268fa2f9,Mario Castrellón protagoniza Líderes 360 este viernes en Noticias AM,https://www.tvn-2.com/lideres-360/mario-castrellon-protagoniza-lideres-360-noticias-am_1_2254164.html,tvn.com.pa,es,2026-08-05T11:00:19+00:00,,2026-10-06T21:24:22+00:00,,tvn_rss,titular/metadatos
Tfe5ca57b21,"Líderes 360: Pedro Heilbron, el hombre que vio despegar a Copa y convertirse en el Hub de las Américas",https://www.tvn-2.com/lideres-360/lideres-360-pedro-heilbron-despegar-copa-airlines-hub-de-las-americas_1_2249044.html,tvn.com.pa,es,2026-07-03T12:00:47+00:00,,2026-10-06T21:24:22+00:00,,tvn_rss,titular/metadatos
Ta711c284e4,"Líderes 360: Pedro Heilbron plantea una hoja de ruta para Panamá; turismo sostenible, eficiencia y un país transparente",https://www.tvn-2.com/lideres-360/lideres-360-pedro-heilbron-panama-turismo-eficiencia-transparencia_1_2249216.html,tvn.com.pa,es,2026-07-05T13:00:06+00:00,,2026-10-06T21:24:22+00:00,,tvn_rss,titular/metadatos
T326b5d9ab0,Líderes 360 estrena el 3 de julio en Noticias AM con historias de impacto empresarial,https://www.tvn-2.com/lideres-360/lideres-360-estrena-noticias-am-impacto-empresarial-pedro-heilbron_1_2247767.html,tvn.com.pa,es,2026-07-01T20:03:18+00:00,,2026-10-06T21:24:22+00:00,,tvn_rss,titular/metadatos
T627d1cf3d2,Gente TVN se sumó a carrera caminata inclusiva de Achilles Panamá en la Cinta Costera,https://www.tvn-2.com/gente-tvn/gente-tvn-sumo-carrera-caminata_1_2264281.html,tvn.com.pa,es,2026-10-04T23:47:36+00:00,,2026-10-06T21:24:22+00:00,,tvn_rss,titular/metadatos
T150877b7c7,TVN Media alcanza el primer lugar en reputación entre los medios de comunicación en Panamá,https://www.tvn-2.com/nacionales/tvn-media-alcanza-primer-lugar-medios-comunicacion-merco-panama_1_2263883.html,tvn.com.pa,es,2026-10-02T01:00:17+00:00,,2026-10-06T21:24:22+00:00,,tvn_rss,titular/metadatos
Tec1242c416,Relevo por la Vida de Fanlyc: 24 horas de esfuerzo y esperanza en la Cinta Costera 3,https://www.tvn-2.com/nacionales/relevo-vida-fanlyc-24-horas-esfuerzo-esperanza-cinta-costera-tres-cancer_1_2259489.html,tvn.com.pa,es,2026-09-06T00:09:00+00:00,,2026-10-06T21:24:22+00:00,,tvn_rss,titular/metadatos
Tc6c172b218,TVN Media comparte su experiencia de transformación digital en cumbre WISS LATAM,https://www.tvn-2.com/nacionales/tvn-media-comparte-experiencia-transformacion-cumbre-wiss-latam_1_2257996.html,tvn.com.pa,es,2026-08-27T21:49:51+00:00,,2026-10-06T21:24:22+00:00,,tvn_rss,titular/metadatos
T6b265d83ab,WISS LATAM reúne a mujeres líderes y empresarias para impulsar la innovación y el liderazgo femenino,https://www.tvn-2.com/nacionales/wiss-latam-reune-mujeres-lideres_1_2257812.html,tvn.com.pa,es,2026-08-27T01:21:28+00:00,,2026-10-06T21:24:22+00:00,,tvn_rss,titular/metadatos
T5d46ef2578,TVN Media y ADEN Business School firman acuerdo para acceder a programas de estudio superior,https://www.tvn-2.com/nacionales/tvn-media-aden-business-school_1_2255801.html,tvn.com.pa,es,2026-08-14T00:59:23+00:00,,2026-10-06T21:24:22+00:00,,tvn_rss,titular/metadatos
T5a318343de,TVN Media moviliza a sus colaboradores para convertir la solidaridad en vidas,https://www.tvn-2.com/gente-tvn/tvn-media-moviliza-colaboradores-convertir_1_2255762.html,tvn.com.pa,es,2026-08-13T22:07:30+00:00,,2026-10-06T21:24:22+00:00,,tvn_rss,titular/metadatos
T13fc389505,TVN Media y la Asociación de Directoras de Panamá firman alianza para impulsar el liderazgo femenino,https://www.tvn-2.com/nacionales/tvn-media-asociacion-directoras-panama_1_2254586.html,tvn.com.pa,es,2026-08-06T01:08:53+00:00,,2026-10-06T21:24:22+00:00,,tvn_rss,titular/metadatos
T687e5a41cd,TVN Media recibe reconocimiento del programa Reduce Tu Huella por su compromiso con la gestión ambiental,https://www.tvn-2.com/nacionales/tvn-media-recibe-reconocimiento-programa-reduce-tu-huella-gestion-ambiental_1_2254331.html,tvn.com.pa,es,2026-08-05T00:38:03+00:00,,2026-10-06T21:24:22+00:00,,tvn_rss,titular/metadatos
T2ffeea1ffd,"TVN Media y UDELAS firman alianza para impulsar la educación, el bienestar y el desarrollo social",https://www.tvn-2.com/gente-tvn/tvn-media-udelas-firman-alianza_1_2253105.html,tvn.com.pa,es,2026-07-28T17:00:00+00:00,,2026-10-06T21:24:22+00:00,,tvn_rss,titular/metadatos
T32ec4d0ac7,TVN Media oficializa patrocinio para el World of Coffee Panamá 2026,https://www.tvn-2.com/nacionales/tvn-media-oficializa-patrocinio-world_1_2251452.html,tvn.com.pa,es,2026-07-17T01:20:25+00:00,,2026-10-06T21:24:22+00:00,,tvn_rss,titular/metadatos
Tbd08bf079f,TVN Media oficializa su patrocinio de la Feria Internacional del Libro de Panamá,https://www.tvn-2.com/gente-tvn/tvn-media-oficializa-patrocinio-feria_1_2250436.html,tvn.com.pa,es,2026-07-10T20:03:53+00:00,,2026-10-06T21:24:22+00:00,,tvn_rss,titular/metadatos
Tb18f023342,TVN Media avanza en Merco Talento Panamá 2026 y reafirma su liderazgo como número uno en el sector de medios de comunicación,https://www.tvn-2.com/nacionales/tvn-media-avanza-merco-talento_1_2250207.html,tvn.com.pa,es,2026-07-09T17:36:21+00:00,,2026-10-06T21:24:22+00:00,,tvn_rss,titular/metadatos
Tc589902b41,CEO Women Summit 2026: TVN Media destaca la importancia de abrir espacios para el liderazgo femenino,https://www.tvn-2.com/nacionales/tvn-media-ceo-women-summit-potenciar-crecimiento-profesional-mujeres_1_2250211.html,tvn.com.pa,es,2026-07-09T18:24:38+00:00,,2026-10-06T21:24:22+00:00,,tvn_rss,titular/metadatos
T5f9947f319,TVN estrena Líderes 360 y consolida su cobertura del Mundial 2026,https://www.tvn-2.com/nacionales/tvn-media-estrena-lideres-360-mundial-2026_1_2249178.html,tvn.com.pa,es,2026-07-03T14:17:00+00:00,,2026-10-06T21:24:22+00:00,,tvn_rss,titular/metadatos
Tc43ac23160,TVN Media y el Teatro Nacional sellan alianza para promover la cultura panameña,https://www.tvn-2.com/nacionales/tvn-media-teatro-nacional-sellan-alianza-firma-convenio-cultura_1_2247507.html,tvn.com.pa,es,2026-06-23T15:06:20+00:00,,2026-10-06T21:24:22+00:00,,tvn_rss,titular/metadatos
Ta4f5821342,TVN Media y Fundación Relaciones Sanas firman convenio para impulsar la educación y sensibilización sobre salud mental,https://www.tvn-2.com/gente-tvn/tvn-media-fundacion-relaciones-sanas_1_2246715.html,tvn.com.pa,es,2026-06-18T17:10:05+00:00,,2026-10-06T21:24:22+00:00,,tvn_rss,titular/metadatos
T88d570d700,Gente TVN fortalece su compromiso social con jornada deportiva inclusiva,https://www.tvn-2.com/nacionales/gente-tvn-fortalece-compromiso-social-jornada-deportiva-inclusiva_1_2245912.html,tvn.com.pa,es,2026-06-14T02:02:12+00:00,,2026-10-06T21:24:22+00:00,,tvn_rss,titular/metadatos
T5f20fa1e2c,TVN Media y XCOM se unen para impulsar la innovación y el futuro de la comunicación en Panamá,https://www.tvn-2.com/nacionales/tvn-media-excom-unen-impulsar_1_2242806.html,tvn.com.pa,es,2026-05-26T20:20:00+00:00,,2026-10-06T21:24:22+00:00,,tvn_rss,titular/metadatos
Tf2add6a174,TVN Media y Universidad Latina firman convenio para fortalecer formación de estudiantes,https://www.tvn-2.com/nacionales/tvn-media-firma-convenio-universidad-latina-fortalecer-formacion-estudiantes_1_2242290.html,tvn.com.pa,es,2026-05-23T02:30:00+00:00,,2026-10-06T21:24:22+00:00,,tvn_rss,titular/metadatos
T213a3545c0,TVN Media firma alianza para promover 'Mosaico Panamá',https://www.tvn-2.com/nacionales/tvn-media-firma-alianza-promover-mosaico-panama_1_2240535.html,tvn.com.pa,es,2026-05-12T00:59:45+00:00,,2026-10-06T21:24:22+00:00,,tvn_rss,titular/metadatos
Tc9c0832cfa,TVN Media y Fundamorgan firman alianza para sensibilizar sobre la problemáticas sociales como la violencia,https://www.tvn-2.com/nacionales/tvn-media-fundamorgan-firman-alianza_1_2238967.html,tvn.com.pa,es,2026-05-01T01:19:41+00:00,,2026-10-06T21:24:22+00:00,,tvn_rss,titular/metadatos
T7299874344,TVN Media y Capadeso sellan alianza para visibilizar labor social,https://www.tvn-2.com/nacionales/tvn-media-camara-panamena-desarrollo-social_1_2238469.html,tvn.com.pa,es,2026-04-28T18:53:57+00:00,,2026-10-06T21:24:22+00:00,,tvn_rss,titular/metadatos
T23280e05ba,TVN Media y Jump renuevan alianza para impulsar el emprendimiento en Panamá,https://www.tvn-2.com/nacionales/tvn-media-jump-renuevan-alianza-emprendimiento-panama_1_2237758.html,tvn.com.pa,es,2026-04-23T18:22:28+00:00,,2026-10-06T21:24:22+00:00,,tvn_rss,titular/metadatos
T56d8b2f226,"TVN Media conmemora el Día de las Buenas Acciones con jornada solidaria junto a ADAVION, Héroes por Panamá 2019",https://www.tvn-2.com/nacionales/tvn-media-conmemora-dia-buenas-acciones-adavion-heroes-por-panama_1_2236132.html,tvn.com.pa,es,2026-04-13T23:02:47+00:00,,2026-10-06T21:24:22+00:00,,tvn_rss,titular/metadatos
T543d10d0dd,Voces femeninas comparten liderazgo y experiencias en encuentro de Speed Mentoring de TVN,https://www.tvn-2.com/nacionales/voces-femeninas-comparten-liderazgo-experiencias-encuentro-de-speed-mentoring-de-tvn_1_2230766.html,tvn.com.pa,es,2026-03-07T23:01:00+00:00,,2026-10-06T21:24:22+00:00,,tvn_rss,titular/metadatos
T0d4f265e7a,Colaboradores de TVN Media participan en voluntariado en beneficio de la Fundación Latidos,https://www.tvn-2.com/nacionales/colaboradores-tvn-media-participan-voluntariado_1_2230514.html,tvn.com.pa,es,2026-03-06T00:00:00+00:00,,2026-10-06T21:24:22+00:00,,tvn_rss,titular/metadatos
T385abe80a8,TVN encendió la fiesta y animó al público en 'Sabores de Colón',https://www.tvn-2.com/nacionales/tvn-media-encendio-fiesta-publico-sabores-de-colon_1_2229801.html,tvn.com.pa,es,2026-03-02T00:29:43+00:00,,2026-10-06T21:24:22+00:00,,tvn_rss,titular/metadatos
T943fc20171,TVN Radio y TVMAX dan el 'Kick-Off' al Carnaval con una lluvia de regalos en vía Centenario,https://www.tvn-2.com/nacionales/tvn-radio-tvmax-dan-kick-carnaval_1_2227551.html,tvn.com.pa,es,2026-02-13T23:13:59+00:00,,2026-10-06T21:24:22+00:00,,tvn_rss,titular/metadatos
T1759deb0aa,TVN Media y el Carnaval de La Villa de Los Santos renuevan su alianza estratégica,https://www.tvn-2.com/nacionales/tvn-media-carnaval-la-villa-de-los-santos-alianza_1_2225701.html,tvn.com.pa,es,2026-02-02T18:40:15+00:00,,2026-10-06T21:24:22+00:00,,tvn_rss,titular/metadatos
T0793a7f03b,TVN Media y la Feria de La Chorrera firman alianza estratégica,https://www.tvn-2.com/videos/noticias/video-tvn-media-feria-chorrera-firman_8_2225013.html,tvn.com.pa,es,2026-01-29T01:16:20+00:00,,2026-10-06T21:24:22+00:00,,tvn_rss,titular/metadatos
Tb8c36c5763,"TVN Media dice presente en la Teletón 20-30 con una donación de 100,000 dólares",https://www.tvn-2.com/nacionales/tvn-media-dice-presente-teleton-100-mil-dolares_1_2218658.html,tvn.com.pa,es,2025-12-14T00:09:23+00:00,,2026-10-06T21:24:22+00:00,,tvn_rss,titular/metadatos
T9a34c25033,TVN Noticias gana dos categorías del premio de Periodismo sobre Niñez y Adolescencia 2025,https://www.tvn-2.com/nacionales/periodista-claudya-carolina-morales-yenny-caballero-periodismo-sobre-ninez-y-adolescencia-ganador_1_2218367.html,tvn.com.pa,es,2025-12-11T19:12:00+00:00,,2026-10-06T21:24:22+00:00,,tvn_rss,titular/metadatos
Ta1f19e911e,TVN Media refuerza su compromiso social con jornada de voluntariado en el Banco de Alimentos,https://www.tvn-2.com/nacionales/tvn-media-refuerza-compromiso-social_1_2217708.html,tvn.com.pa,es,2025-12-06T01:42:12+00:00,,2026-10-06T21:24:22+00:00,,tvn_rss,titular/metadatos
T3db8c2d356,TVN Media arrasa en los Premios Excelencia en la gala 'Los Faroles',https://www.tvn-2.com/nacionales/tvn-media-arrasa-premios-victoria-universidad-de-panama_1_2217570.html,tvn.com.pa,es,2025-12-05T12:28:16+00:00,,2026-10-06T21:24:22+00:00,,tvn_rss,titular/metadatos
Taa95e2b01c,TVN Media reafirma alianza con la Teletón 20-30,https://www.tvn-2.com/nacionales/tvn-media-reafirma-alianza-teleton-20-30_1_2214825.html,tvn.com.pa,es,2025-11-13T21:11:59+00:00,,2026-10-06T21:24:22+00:00,,tvn_rss,titular/metadatos
T8cf43fdcc5,Conape reconoce la trayectoria de periodistas de TVN Media,https://www.tvn-2.com/nacionales/conape-reconoce-trayectoria-periodistas-tvn-media_1_2215048.html,tvn.com.pa,es,2025-11-15T01:39:04+00:00,,2026-10-06T21:24:22+00:00,,tvn_rss,titular/metadatos
T9c06822f33,"Héroes por Panamá culminan su diplomado en Servicio, Liderazgo y Transformación Social",https://www.tvn-2.com/nacionales/heroes-por-panama-culminan-diplomado-servicio-liderazgo-transformacion_1_2212969.html,tvn.com.pa,es,2025-10-30T00:42:53+00:00,,2026-10-06T21:24:22+00:00,,tvn_rss,titular/metadatos
Te999133935,TVN Media firma convenio como medio oficial del Concurso Nacional de Oratoria 2025,https://www.tvn-2.com/nacionales/tvn-media-firma-convenio-concurso-nacional-de-oratoria_1_2212606.html,tvn.com.pa,es,2025-10-28T02:00:44+00:00,,2026-10-06T21:24:22+00:00,,tvn_rss,titular/metadatos
T9d1e48338d,Documental Panamá Reseñas de Nuestra Identidad llega al cine,https://www.tvn-2.com/nacionales/documental-panama-llega-pantalla-grande-cine-tvn-media_1_2212034.html,tvn.com.pa,es,2025-10-23T21:33:32+00:00,,2026-10-06T21:24:22+00:00,,tvn_rss,titular/metadatos
T04d71c66ad,TVN Media y DIRCOM Panamá se unen para fortalecer la voz de los Héroes por Panamá,https://www.tvn-2.com/nacionales/tvn-media-dircom-panama-unen_1_2211616.html,tvn.com.pa,es,2025-10-21T17:48:33+00:00,,2026-10-06T21:24:22+00:00,,tvn_rss,titular/metadatos
Tefdea87199,"TVN Media se consolida en primer lugar como medio de comunicación con mejor reputación en Panamá, según Merco 2025",https://www.tvn-2.com/nacionales/tvn-media-nuevamente-consolida-empresas-mejor-reputacion_1_2211002.html,tvn.com.pa,es,2025-10-17T02:44:03+00:00,,2026-10-06T21:24:22+00:00,,tvn_rss,titular/metadatos
Ta011fc57a2,TVN Media y Senacyt firman alianza para promover la ciencia en Panamá,https://www.tvn-2.com/nacionales/tvn-media-senacyt-firman-alianza_1_2208344.html,tvn.com.pa,es,2025-09-30T01:06:16+00:00,,2026-10-06T21:24:22+00:00,,tvn_rss,titular/metadatos
Tcfe900fe54,Multitudinario desfile de carretas en Guararé; TVN Media se tomó el Festival de la Mejorana,https://www.tvn-2.com/nacionales/multitudinario-desfile-carretas-guarare-tvn-media-hecho-en-panama-festival-nacional-de-la-mejorana_1_2208163.html,tvn.com.pa,es,2025-09-28T23:00:00+00:00,,2026-10-06T21:24:22+00:00,,tvn_rss,titular/metadatos
T5ad84e990e,TVN Media dijo presente en Relevos por la Vida 2025 de Fanlyc,https://www.tvn-2.com/nacionales/tvn-media-dijo-presente-relevos_1_2205996.html,tvn.com.pa,es,2025-09-13T23:41:33+00:00,,2026-10-06T21:24:22+00:00,,tvn_rss,titular/metadatos
T438971e86c,Una alianza por el conocimiento: Ciudad del Saber y TVN Media unen esfuerzos,https://www.tvn-2.com/nacionales/alianza-conocimiento-ciudad-del-saber-tvn-media_1_2203982.html,tvn.com.pa,es,2025-08-09T01:43:00+00:00,,2026-10-06T21:24:22+00:00,,tvn_rss,titular/metadatos
Td9f58555dd,TVN Media y Sumarse firman convenio para promover la Semana de la Responsabilidad Empresarial,https://www.tvn-2.com/nacionales/tvnmedia-sumarse-firman-convenio_1_2201601.html,tvn.com.pa,es,2025-08-11T19:19:00+00:00,,2026-10-06T21:24:22+00:00,,tvn_rss,titular/metadatos
T4844a94108,TVN Media y Sabores de Colón se unen para resaltar la gastronomía y cultura colonense,https://www.tvn-2.com/nacionales/tvn-media-sabores-colon-gastronomia-cultura-colonense_1_2201366.html,tvn.com.pa,es,2025-08-09T01:00:00+00:00,,2026-10-06T21:24:22+00:00,,tvn_rss,titular/metadatos
Tdd32c6a3ff,TVN Media recibe reconocimiento por su compromiso ambiental en el programa 'Reduce Tu Huella',https://www.tvn-2.com/nacionales/tvn-media-recibe-reconocimiento-compromiso-ambiental-reduce-tu-huella_1_2200815.html,tvn.com.pa,es,2025-08-05T19:11:19+00:00,,2026-10-06T21:24:22+00:00,,tvn_rss,titular/metadatos
T8f16663945,TVN Media presentó el documental que revela la experiencia de las escuelas que lideraron el reciclaje en Panamá,https://www.tvn-2.com/nacionales/tvn-media-presenta-documental-competencia-intercolegial-reciclaje_1_2202782.html,tvn.com.pa,es,2025-08-20T22:00:00+00:00,,2026-10-06T21:24:22+00:00,,tvn_rss,titular/metadatos
T4f361fe287,TVN Media y el MAC Panamá se unen para promover el arte y la cultura nacional,https://www.tvn-2.com/nacionales/tvn-media-mac-panama-unen_1_2199530.html,tvn.com.pa,es,2025-07-25T19:00:00+00:00,,2026-10-06T21:24:22+00:00,,tvn_rss,titular/metadatos
Tbf599988a4,"TVN Media presenta su Informe de Sostenibilidad bajo los principios de Ambiente, Sociedad y Gobernanza",https://www.tvn-2.com/nacionales/tvn-media-presenta-informe-sostenibilidad_1_2199363.html,tvn.com.pa,es,2025-08-06T12:00:00+00:00,,2026-10-06T21:24:22+00:00,,tvn_rss,titular/metadatos
Te729fd3083,TVN Media y Quality Leadership University firman alianza estratégica,https://www.tvn-2.com/nacionales/tvn-media-quality-leadership-university-acuerdo-educacion-desarrollo_1_2198338.html,tvn.com.pa,es,2025-07-16T20:00:00+00:00,,2026-10-06T21:24:22+00:00,,tvn_rss,titular/metadatos
T3713de7a23,TVN Media y FSU Panamá firmaron acuerdo de colaboración para formar estudiantes,https://www.tvn-2.com/videos/noticias/video-ext-tvn-media-fsu-panama-firmaron_7_2197723.html,tvn.com.pa,es,2025-07-12T01:34:57+00:00,,2026-10-06T21:24:22+00:00,,tvn_rss,titular/metadatos
T5d8c4cfe2f,TVN Media se consolida en el ranking de Merco Talento 2025,https://www.tvn-2.com/nacionales/tvn-media-consolida-ranking-merco-talento_1_2195639.html,tvn.com.pa,es,2025-06-26T21:17:21+00:00,,2026-10-06T21:24:22+00:00,,tvn_rss,titular/metadatos
Tb6c1a4aaab,"Escuela de San Miguelito gana competencia intercolegial de reciclaje ‘Gente TVN Media’ con 1,445 libras recolectadas",https://www.tvn-2.com/nacionales/escuela-gana-competencia-intercolegial-gente-tvn-media-reciclaje_1_2195259.html,tvn.com.pa,es,2025-06-24T02:31:01+00:00,,2026-10-06T21:24:22+00:00,,tvn_rss,titular/metadatos
T5a8984e3c6,TVN Media y FSU Panamá apuestan por la nueva generación que transformará la industria,https://www.tvn-2.com/nacionales/tvn-media-fundacion-florida-state-university-panama-apuestan-industria-audiovisual_1_2190375.html,tvn.com.pa,es,2025-05-20T21:20:33+00:00,,2026-10-06T21:24:22+00:00,,tvn_rss,titular/metadatos
T90f14cebbf,Periodistas de TVN Noticias son galardonados por el Fórum de Periodistas,https://www.tvn-2.com/nacionales/periodistas-tvn-noticias-premios-forum-de-periodistas_1_2189759.html,tvn.com.pa,es,2025-05-16T03:01:48+00:00,,2026-10-06T21:24:22+00:00,,tvn_rss,titular/metadatos
T32e0aae950,TVN Noticias y Tráfico Panamá firman alianza estratégica,https://www.tvn-2.com/nacionales/tvn-noticias-trafico-panama-firman-alianza-estrategia-medios_1_2187423.html,tvn.com.pa,es,2025-04-29T23:08:14+00:00,,2026-10-06T21:24:22+00:00,,tvn_rss,titular/metadatos
T9f0fdecbb7,TVN Media nombra gerente de Información Digital para  continuar posicionando el liderazgo en noticias desde sus plataformas digitales,https://www.tvn-2.com/nacionales/tvn-media-nombra-gerente-informacion-digital-magda-maxwell_1_2186722.html,tvn.com.pa,es,2025-04-24T17:25:48+00:00,,2026-10-06T21:24:22+00:00,,tvn_rss,titular/metadatos
T9f50ee47e8,TVN celebra 63 años,https://www.tvn-2.com/videos/noticias/video-ext-tvn-celebra-63-anos_7_2186633.html,tvn.com.pa,es,2025-04-24T01:21:16+00:00,,2026-10-06T21:24:22+00:00,,tvn_rss,titular/metadatos
T6352553072,TVN Media celebra la cultura con mural en La Casa del Artesano de La Chorrera,https://www.tvn-2.com/nacionales/tvn-media-la-chorrera-celebra-cultura-mural_1_2186471.html,tvn.com.pa,es,2025-04-23T01:56:51+00:00,,2026-10-06T21:24:22+00:00,,tvn_rss,titular/metadatos
T55b407fbdc,TVN Media apoya el 'reality Jump' que busca impulsar el emprendimiento de jóvenes,https://www.tvn-2.com/nacionales/tvn-media-impulsa-reality-jump-emprendimientos-jovenes_1_2185537.html,tvn.com.pa,es,2025-04-16T00:59:06+00:00,,2026-10-06T21:24:22+00:00,,tvn_rss,titular/metadatos
T9177616cde,TVN Media se une al Día de las Buenas Acciones con jornada solidaria en el Instituto Oncológico Nacional,https://www.tvn-2.com/nacionales/tvn-media-une-dias-de-las-buenas-acciones-instituto-oncologico_1_2184947.html,tvn.com.pa,es,2025-04-11T02:08:16+00:00,,2026-10-06T21:24:22+00:00,,tvn_rss,titular/metadatos
Tbe5e2cba8c,"TVN Media, UNICEF y el Despacho de la Primera Dama se unen para promover la campaña 'Crianza amorosa, raíces fuertes'",https://www.tvn-2.com/nacionales/tvn-media-unicef-despacho-primera-crianza-amoroza-raices-fuertes_1_2183004.html,tvn.com.pa,es,2025-03-28T01:00:00+00:00,,2026-10-06T21:24:22+00:00,,tvn_rss,titular/metadatos
Te8b1d3b74e,TVN Media firma alianza estratégica con Apede para la Conferencia Anual de Ejecutivos,https://www.tvn-2.com/nacionales/tvn-media-alianza-estrategica-apede-conferencia-anual-de-ejecutivos-2025_1_2182741.html,tvn.com.pa,es,2025-03-26T19:17:03+00:00,,2026-10-06T21:24:22+00:00,,tvn_rss,titular/metadatos
T4aea272913,TVN Media será parte del Día de las Buenas Acciones,https://www.tvn-2.com/nacionales/dia-de-las-buenas-acciones-fundacion-jupa-tvn-media_1_2182521.html,tvn.com.pa,es,2025-03-25T01:29:54+00:00,,2026-10-06T21:24:22+00:00,,tvn_rss,titular/metadatos
T35c3390a72,TVN Media y el IFF Panamá firman alianza para la 13ª edición del Festival Internacional de Cine de Panamá,https://www.tvn-2.com/entretenimiento/cine-y-tv/tvn-media-iff-panama-firman-convenio-festival-de-cine-de-panama_1_2181612.html,tvn.com.pa,es,2025-03-18T19:31:35+00:00,,2026-10-06T21:24:22+00:00,,tvn_rss,titular/metadatos
T729fbbda2d,TVN Media destaca en el ranking Merco Responsabilidad ESG Panamá 2024,https://www.tvn-2.com/nacionales/tvn-media-destaca-ranking-merco-responsabilidad-social-empresarial_1_2174203.html,tvn.com.pa,es,2025-01-24T19:42:54+00:00,,2026-10-06T21:24:22+00:00,,tvn_rss,titular/metadatos
T37640d843a,Macrofest 2025 presenta su cartel oficial y entrega reconocimiento a TVN Media,https://www.tvn-2.com/nacionales/macrofest-2025-presenta-cartel-oficial-reconocimiento-tvnmedia_1_2173050.html,tvn.com.pa,es,2025-01-16T20:59:29+00:00,,2026-10-06T21:24:22+00:00,,tvn_rss,titular/metadatos
T851e97e033,TVN Media y el Municipio de La Villa firman alianza para impulsar los Carnavales 2025,https://www.tvn-2.com/nacionales/tvn-media-municipio-la-villa-de-los-santos-firman-alianza-carnaval-2025_1_2172852.html,tvn.com.pa,es,2025-01-15T17:35:47+00:00,,2026-10-06T21:24:22+00:00,,tvn_rss,titular/metadatos
T575af22d94,TVN Media recibe reconocimiento por cobertura del 9 de enero de 1964,https://www.tvn-2.com/nacionales/tvn-media-recibe-reconocimiento-cobertura_1_2172034.html,tvn.com.pa,es,2025-01-09T00:56:01+00:00,,2026-10-06T21:24:22+00:00,,tvn_rss,titular/metadatos
Td68bca7e17,TVN Media regala alegría a niños de Loma Brígida en La Chorrera por Día de Reyes,https://www.tvn-2.com/nacionales/tvn-media-loma-brigida-la-chorrera-dia-de-reyes_1_2171661.html,tvn.com.pa,es,2025-01-06T19:11:01+00:00,,2026-10-06T21:24:22+00:00,,tvn_rss,titular/metadatos
Tb9f54d3faf,"TVN Media reafirma su alianza con firma para el Panamá Jazz Festival 2025, dedicado a Princess Orelia Benskia",https://www.tvn-2.com/nacionales/tvn-media-firma-alianza-panama-jazz-festival-princess-orelia-benskia_1_2171990.html,tvn.com.pa,es,2025-01-08T21:35:17+00:00,,2026-10-06T21:24:22+00:00,,tvn_rss,titular/metadatos
T2dd76812ff,Sueños de diciembre: La familia de TVN Noticias llevó alegría a los niños de Cerro Cabra,https://www.tvn-2.com/nacionales/suenos-diciembre-familia-tvn-noticias-ninos-cerro-cabra-navidad_1_2170326.html,tvn.com.pa,es,2024-12-25T00:16:31+00:00,,2026-10-06T21:24:22+00:00,,tvn_rss,titular/metadatos
T2a50f43079,"TVN Media dice presente en la Teletón 20-30 con una donación de 100,000 dólares",https://www.tvn-2.com/nacionales/tvn-media-dice-presente-teleton-20-30_1_2169266.html,tvn.com.pa,es,2024-12-15T23:17:28+00:00,,2026-10-06T21:24:22+00:00,,tvn_rss,titular/metadatos
T0803c58d1f,TVN Media recibe reconocimiento en el Simposio Internacional de Innovación en Sostenibilidad: Edificio y Ciudad,https://www.tvn-2.com/nacionales/tvn-media-recibe-reconocimiento-simposio-innovacion-sostenibilidad-en-ambiente_1_2169077.html,tvn.com.pa,es,2024-12-13T18:17:01+00:00,,2026-10-06T21:24:22+00:00,,tvn_rss,titular/metadatos
T0266714235,"Gerente de TVN Media, Luis Mouynes en el ranking de los líderes con mejor reputación en Panamá",https://www.tvn-2.com/nacionales/ranking-de-los-lideres-luis-mouynes-gerente-tvn-media_1_2168690.html,tvn.com.pa,es,2024-12-11T01:18:24+00:00,,2026-10-06T21:24:22+00:00,,tvn_rss,titular/metadatos
T1fc8bb03fb,TVN Media gana categoría de Mejor Medio de Comunicación en ranking de Merco Empresas de Panamá 2024,https://www.tvn-2.com/nacionales/tvn-media-gana-categoria-mejor-merco-empresas-panama-2024-premio-ranking_1_2167542.html,tvn.com.pa,es,2024-12-02T18:23:32+00:00,,2026-10-06T21:24:22+00:00,,tvn_rss,titular/metadatos
T5c81dbb838,Claudya Morales de TVN Media gana Premio de Periodismo sobre Niñez y Adolescencia 2024,https://www.tvn-2.com/nacionales/claudya-morales-tvn-media-premio-de-periodismo-ninez-y-adolescencia-unicef-celap_1_2166205.html,tvn.com.pa,es,2024-11-21T20:28:55+00:00,,2026-10-06T21:24:22+00:00,,tvn_rss,titular/metadatos
T4525aa132f,TVN Media arrasa en los Premios Excelencia de la Universidad de Panamá,https://www.tvn-2.com/nacionales/premios-excelencia-2024-universidad-de-panama-tvn-noticias-facultad-de-comunicacion-social_1_2166104.html,tvn.com.pa,es,2024-11-21T02:59:16+00:00,,2026-10-06T21:24:22+00:00,,tvn_rss,titular/metadatos
T2571a308d9,Periodistas de TVN Media participan de conversatorio sobre desinformación y 'fake news' con estudiantes de la Universidad Latina,https://www.tvn-2.com/nacionales/periodistas-tvn-media-participan-conversatorio-desinformacion-fake-news-universidad-latina_1_2165356.html,tvn.com.pa,es,2024-11-15T22:23:28+00:00,,2026-10-06T21:24:22+00:00,,tvn_rss,titular/metadatos
T725094d5dd,"TVN Media realiza homenaje a Luz María Noli, heroína de la información",https://www.tvn-2.com/nacionales/tvn-media-realiza-homenaje-luz-maria-noli-dia-del-periodista-heroes-por-panama_1_2165138.html,tvn.com.pa,es,2024-11-14T17:41:38+00:00,,2026-10-06T21:24:22+00:00,,tvn_rss,titular/metadatos
T657c9556e8,Municipio capitalino entrega pergamino y llaves de la ciudad para Hecho en Panamá,https://www.tvn-2.com/nacionales/municipio-de-panama-pergamino-llaves-ciudad-hecho-panama_1_2163410.html,tvn.com.pa,es,2024-11-01T00:23:19+00:00,,2026-10-06T21:24:22+00:00,,tvn_rss,titular/metadatos
T68fbb04402,TVN Media arrasa en los Premios Victoria 2024,https://www.tvn-2.com/nacionales/tvn-media-tres-galardones-premios-victoria-usma_1_2160381.html,tvn.com.pa,es,2024-10-11T02:07:51+00:00,,2026-10-06T21:24:22+00:00,,tvn_rss,titular/metadatos
Td97d2a5013,Reportaje de Mundo Verde de TVN gana premio del Concurso Nacional de Periodismo Científico,https://www.tvn-2.com/nacionales/mundo-verde-reportaje-tvn-gana-premio-nacional-periodismo-cientifico-senacyt_1_2157388.html,tvn.com.pa,es,2024-09-20T18:19:27+00:00,,2026-10-06T21:24:22+00:00,,tvn_rss,titular/metadatos
T04dbdc7c40,Mundo Verde de TVN gana premio en Concurso para Comunicadores Sociales Carla Uliantzeff,https://www.tvn-2.com/nacionales/mundo-verde-ballenas-jorobadas-premio-concurso-comunicadores-sociales-carla-uliantzeff_1_2158333.html,tvn.com.pa,es,2024-09-27T18:57:50+00:00,,2026-10-06T21:24:22+00:00,,tvn_rss,titular/metadatos
T0619c1cc84,Presentan a las obras ganadoras de Documental Panamá,https://www.tvn-2.com/nacionales/presentan-ganadoras-documental-panama-documentales-cine-fundacion-alberto-motta-noticias-en-panama-hoy_1_2163165.html,tvn.com.pa,es,2024-10-30T20:15:28+00:00,,2026-10-06T21:24:22+00:00,,tvn_rss,titular/metadatos
T0010cce1a4,TVN Media firma alianza con el Concurso Nacional de Oratoria 2024,https://www.tvn-2.com/videos/noticias/video-ext-tvn-media-firma-alianza-concurso_7_2163037.html,tvn.com.pa,es,2024-10-30T00:11:16+00:00,,2026-10-06T21:24:22+00:00,,tvn_rss,titular/metadatos
T5a3fd6dddb,TVN Media reafirma alianza con  la Teletón 20-30,https://www.tvn-2.com/videos/noticias/video-ext-tvn-media-reafirma-alianza-teleton_7_2163364.html,tvn.com.pa,es,2024-10-31T20:32:52+00:00,,2026-10-06T21:24:22+00:00,,tvn_rss,titular/metadatos
T9a1fd50455,MLB Playoffs 2026 previa| Cerveceros vs Padres: la acción se traslada a San Diego para el Juego 3 de la Serie Divisional de la Liga Nacional,https://www.tvn-2.com/tvmax/beisbol/mlb/brewers-vs-padres-mlb-playoffs-2026-previa-juego-3-divisional-series-beisbol-grandes-ligas_1_2264543.html,tvn.com.pa,es,2026-10-06T13:00:35+00:00,,2026-10-06T21:24:22+00:00,,tvn_rss,titular/metadatos
T1062bef114,"Liga de Naciones Concacaf | Resultados, calendario y todos los cruces para cuartos de final",https://www.tvn-2.com/tvmax/somos-la-sele/liga-de-naciones-concacaf-seleccion-de-panama-guatemala-curazao-mexico-canada-estados-unidos_1_2264553.html,tvn.com.pa,es,2026-10-06T15:59:18+00:00,,2026-10-06T21:24:22+00:00,,tvn_rss,titular/metadatos
T2a5dfaac6f,Liga de Naciones Concacaf resultados| Panamá ya tiene rival para cuartos de final. Guatemala y Jamaica cierran la clasificación,https://www.tvn-2.com/tvmax/somos-la-sele/panama-seleccion-liga-de-naciones-resultados-curazao-guatemala-jamaica_1_2264545.html,tvn.com.pa,es,2026-10-06T07:27:23+00:00,,2026-10-06T21:24:22+00:00,,tvn_rss,titular/metadatos
Ta348b73ea8,LPF resultado Torneo Apertura 2026| Sporting San Miguelito reacciona y supera a Unión Coclé en cierre de la Jornada 11,https://www.tvn-2.com/tvmax/lpf/sporting-san-miguelito-vs-union-cocle-lpf-resultado-partido-jornada-11-cierre-futbol-panama_1_2264541.html,tvn.com.pa,es,2026-10-06T04:27:49+00:00,,2026-10-06T21:24:22+00:00,,tvn_rss,titular/metadatos
T00e1e91d70,MLB Playoffs 2026 resultado| Medias Blancas remontan y ponen a Guardianes al borde del abismo,https://www.tvn-2.com/tvmax/beisbol/mlb/white-sox-vs-guardians-mlb-playoffs-2026-resultado-juego-2-divisional-series-grandes-ligas-beisbol_1_2264521.html,tvn.com.pa,es,2026-10-06T01:41:57+00:00,,2026-10-06T21:24:22+00:00,,tvn_rss,titular/metadatos
Tdd1ee461d5,Liga de Naciones UEFA resultados| Francia e Italia afianzan sus nuevos proyectos ante Bélgica y Turquía,https://www.tvn-2.com/tvmax/futbol-internacional/liga-de-naciones-uefa-resultados-francia-italia-belgica-turquia-futbol_1_2264492.html,tvn.com.pa,es,2026-10-05T23:20:04+00:00,,2026-10-06T21:24:22+00:00,,tvn_rss,titular/metadatos
Tc183896956,Pacífica Salud reafirma su compromiso con la calidad y seguridad del paciente con nuevas acreditaciones de Joint Commission International,https://www.tvn-2.com/economia/empresas/publirreportajes/pacifica-salud-reafirma-compromiso-calidad_1_2256763.html,tvn.com.pa,es,2026-08-21T15:00:37+00:00,,2026-10-06T21:24:22+00:00,,tvn_rss,titular/metadatos
T60fc93934e,Costa Coffee se expande a Panamá con dos nuevas tiendas operadas por el socio franquiciado Grupo Maritanos,https://www.tvn-2.com/economia/empresas/publirreportajes/costa-coffee-expande-panama-nuevas_1_2256771.html,tvn.com.pa,es,2026-08-21T15:41:33+00:00,,2026-10-06T21:24:22+00:00,,tvn_rss,titular/metadatos
Tc4f7155169,BYD y Cofiño presentan oficialmente el nuevo TI 7 en Panamá,https://www.tvn-2.com/economia/empresas/publirreportajes/byd-cofino-presentan-oficialmente-nuevo_1_2256978.html,tvn.com.pa,es,2026-08-25T15:28:18+00:00,,2026-10-06T21:24:22+00:00,,tvn_rss,titular/metadatos
T00d9574f94,"Tu Banco, tu Istmo: Banistmo presenta nueva identidad como parte del Grupo Financiero BSC",https://www.tvn-2.com/economia/empresas/publirreportajes/banco-istmo-banistmo-presenta-nueva_1_2258123.html,tvn.com.pa,es,2026-08-28T18:15:25+00:00,,2026-10-06T21:24:22+00:00,,tvn_rss,titular/metadatos
T0f99769ed2,"El inesperado carro de chatarra que sacó risas a Jorge Quirós, reportero de TVN Noticias",https://www.tvn-2.com/entretenimiento/inesperado-momento-saco-risas-reportero-tvn-noticias-jorge-quiros_1_2264634.html,tvn.com.pa,es,2026-10-06T19:44:15+00:00,,2026-10-06T21:24:22+00:00,,tvn_rss,titular/metadatos
T3237b6dba1,"Caleb Flynn, de American Idol, es condenado a cadena perpetua por el asesinato de su esposa",https://www.tvn-2.com/entretenimiento/caleb-flynn-american-ido-condenado-cadena-perpetua-asesinato-esposa_1_2264537.html,tvn.com.pa,es,2026-10-06T19:00:44+00:00,,2026-10-06T21:24:22+00:00,,tvn_rss,titular/metadatos
T2a8c9a9074,Tom Cruise defiende Digger tras el fracaso en taquilla y responde a las críticas,https://www.tvn-2.com/entretenimiento/cine-y-tv/tom-cruise-defiende-digger-fracaso-taquilla-responde-criticas_1_2264580.html,tvn.com.pa,es,2026-10-06T17:00:58+00:00,,2026-10-06T21:24:22+00:00,,tvn_rss,titular/metadatos
Tbcb51eb6a5,Lindsay Lohan revive a Cady Heron con la escena de 'Chicas pesadas',https://www.tvn-2.com/entretenimiento/cine-y-tv/lindsay-lohan-revive-cady-cady-heron-escena-chicas-pesadas_1_2264311.html,tvn.com.pa,es,2026-10-05T18:15:12+00:00,,2026-10-06T21:24:22+00:00,,tvn_rss,titular/metadatos
T466eaac528,Pedro Pascal se convierte en violonchelista para su nuevo papel en “¡Behemoth!”,https://www.tvn-2.com/entretenimiento/pedro-pascal-convierte-violonchelista-nuevo-papel-pelicula-behemoth_1_2264390.html,tvn.com.pa,es,2026-10-05T17:30:36+00:00,,2026-10-06T21:24:22+00:00,,tvn_rss,titular/metadatos
T543c5447ce,Lionel Messi despedida| Argentina se dispone a honrar al gestor de sus más grandes alegrías,https://www.tvn-2.com/tvmax/futbol-internacional/lionel-messi-despedida-argentina-vs-benin-honrar-alegrias_1_2264463.html,tvn.com.pa,es,2026-10-05T22:24:39+00:00,,2026-10-06T21:24:22+00:00,,tvn_rss,titular/metadatos
Taa4eb8f332,México detiene a líder regional del Cártel Jalisco Nueva Generación,https://www.tvn-2.com/mundo/mexico-detiene-lider-regional-cartel-jalisco-nueva-generacion-ivan-cazarin-molina-alias-el-tanque_1_2264592.html,tvn.com.pa,es,2026-10-06T15:45:50+00:00,,2026-10-06T21:24:22+00:00,,tvn_rss,titular/metadatos
T03fce4040a,Una estudiante muerta y siete heridas en un ataque con cuchillo en una escuela en Estambul,https://www.tvn-2.com/mundo/estudiante-muerta-siete-heridas-ataque-cuchillo-escuela-estambul_1_2264575.html,tvn.com.pa,es,2026-10-06T14:15:54+00:00,,2026-10-06T21:24:22+00:00,,tvn_rss,titular/metadatos
Ta442272668,Francis Halzen gana el Nobel de Física por descubrir neutrinos de origen cósmico,https://www.tvn-2.com/mundo/francis-halzen-gana-nobel-fisica_1_2264558.html,tvn.com.pa,es,2026-10-06T11:55:21+00:00,,2026-10-06T21:24:22+00:00,,tvn_rss,titular/metadatos
T315ef44f3b,Finlandia frena la construcción de dos centros de datos de Google por su impacto ambiental,https://www.tvn-2.com/mundo/finlandia-frena-construccion-centros-datos-google-impacto-ambiental_1_2264594.html,tvn.com.pa,es,2026-10-06T16:17:17+00:00,,2026-10-06T21:24:22+00:00,,tvn_rss,titular/metadatos
T76f822a976,Rusia niega haber ordenado restricciones por un supuesto caso de peste neumónica,https://www.tvn-2.com/mundo/rusia-niega-haber-ordenado-restricciones-supuesto-caso-peste-neumonica_1_2264573.html,tvn.com.pa,es,2026-10-06T14:02:14+00:00,,2026-10-06T21:24:22+00:00,,tvn_rss,titular/metadatos
T8fc800c92e,Dos navíos golpeados por drones en el mar Negro frente a la costa de Bulgaria,https://www.tvn-2.com/mundo/navios-golpeados-drones-mar-negro_1_2264554.html,tvn.com.pa,es,2026-10-06T11:40:13+00:00,,2026-10-06T21:24:22+00:00,,tvn_rss,titular/metadatos
T8f24f624ad,La ultraderechista Le Pen promete recortes drásticos para evitar el 'impago' de Francia,https://www.tvn-2.com/mundo/europa/ultraderechista-le-pen-promete-recortes_1_2264559.html,tvn.com.pa,es,2026-10-06T12:10:30+00:00,,2026-10-06T21:24:22+00:00,,tvn_rss,titular/metadatos
T884594c8c9,La COP31 se perfila con ambiciones modestas pese a la emergencia climática,https://www.tvn-2.com/mundo/cop31-perfila-ambiciones-modestas-pese_1_2264551.html,tvn.com.pa,es,2026-10-06T11:25:02+00:00,,2026-10-06T21:24:22+00:00,,tvn_rss,titular/metadatos
Ge047ce2730,La perpetuidad que se pudo derrotar : la utopía realizada,https://www.prensa.com/politica/la-perpetuidad-que-se-pudo-derrotar-la-utopia-realizada/,prensa.com,Spanish,,2026-09-07T07:15:00+00:00,2026-10-06T21:24:22+00:00,,gdelt,titular/metadatos
G2e6388c028,斷交國與台灣愈走愈近 ！ 科技經貿磁吸 雙方成立 「 國會交流小組 」 北京急跳腳,https://ec.ltn.com.tw/article/breakingnews/5568212,ec.ltn.com.tw,Chinese,,2026-09-09T07:00:00+00:00,2026-10-06T21:24:22+00:00,,gdelt,titular/metadatos
Gac7cdd0820,MIDES alfabetiza a más de 4 mil personas en Panamá en solo 26 meses con  Muévete por Panamá  ,https://www.midiario.com/nacionales/mas-de-2500-mujeres-aprendieron-a-leer-y-escribir-con-muevete-por-panama/,midiario.com,Spanish,,2026-09-08T19:00:00+00:00,2026-10-06T21:24:22+00:00,,gdelt,titular/metadatos
G98a691cca6,巴拿马运河下调每日通航量 ： 每天只过32艘船 ！ 巴政府已宣布全国进入紧急状态,https://baijiahao.baidu.com/s?id=1875401455497575622,baijiahao.baidu.com,Chinese,,2026-09-07T07:00:00+00:00,2026-10-06T21:24:22+00:00,,gdelt,titular/metadatos
G188563fcb4,巴拿马议员公然违反一中原则 ， 中方坚决反对 ： 敦促相关议员尽快改弦更张,https://baijiahao.baidu.com/s?id=1875897280012001858,baijiahao.baidu.com,Chinese,,2026-09-11T02:00:00+00:00,2026-10-06T21:24:22+00:00,,gdelt,titular/metadatos
G7e5229cbfd,"Especial : Panamá conmemora 49 años de los Tratados Torrijos - Carter , que abrieron paso al control nacional del Canal",http://spanish.xinhuanet.com/20260908/6fa0eb80bebd4df7a2e32c74d5383bbd/c.html,spanish.xinhuanet.com,Spanish,,2026-09-08T03:15:00+00:00,2026-10-06T21:24:22+00:00,,gdelt,titular/metadatos
Gcc9be32d89,巴拿马运河管理局 ： 为保障水资源安全或将再减通航量,https://baijiahao.baidu.com/s?id=1875714324516350950,baijiahao.baidu.com,Chinese,,2026-09-07T23:30:00+00:00,2026-10-06T21:24:22+00:00,,gdelt,titular/metadatos
G74bb50b704,巴拿马运河管理局 ： 为保障水资源安全或将再减通航量,http://news.china.com.cn/2026-09/08/content_118684832.shtml,news.china.com.cn,Chinese,,2026-09-08T03:15:00+00:00,2026-10-06T21:24:22+00:00,,gdelt,titular/metadatos
G3d668e0456,Panamá celebra a Santa María la Antigua,https://www.midiario.com/nacionales/panama-celebra-a-santa-maria-la-antigua/,midiario.com,Spanish,,2026-09-09T23:30:00+00:00,2026-10-06T21:24:22+00:00,,gdelt,titular/metadatos
G506bc1caad,"Senador John Curtis , del Subcomité del Hemisferio Occidental , pide a Panamá fortalecer sus vínculos con Taiwán",https://www.laestrella.com.pa/mundo/america/senador-john-curtis-del-subcomite-del-hemisferio-occidental-pide-a-panama-fortalecer-sus-vinculos-con-taiwan-IE25563946,laestrella.com.pa,Spanish,,2026-09-10T02:00:00+00:00,2026-10-06T21:24:22+00:00,,gdelt,titular/metadatos
G6293864cad,"Fallece Dagoberto Yin Carrizo , acordeonista y compositor de la música típica panameña",https://www.telemetro.com/nacionales/fallece-dagoberto-yin-carrizo-acordeonista-y-compositor-la-musica-tipica-panamena-n6091026,telemetro.com,Spanish,,2026-09-07T18:30:00+00:00,2026-10-06T21:24:22+00:00,,gdelt,titular/metadatos
G84497fad5c,Dónde ver EN VIVO y ONLINE el partido Chile vs . Panamá en los Juegos Suramericanos 2026,https://www.tvn.cl/deportes/juegos-suramericanos/donde-ver-en-vivo-y-online-el-partido-chile-vs-panama-en-los-juegos-suramericanos-2026-,tvn.cl,Spanish,,2026-09-11T00:45:00+00:00,2026-10-06T21:24:22+00:00,,gdelt,titular/metadatos
G207fdd63c6,Thomas Christiansen explica su decisión de renovar como director técnico de Panamá,https://www.telemetro.com/nacionales/thomas-christiansen-explica-su-decision-renovar-como-director-tecnico-panama-n6091262,telemetro.com,Spanish,,2026-09-09T19:15:00+00:00,2026-10-06T21:24:22+00:00,,gdelt,titular/metadatos
G1ab49f1665,Panamá anuncia la continuidad de Thomas Christiansen hasta 2030,https://as.com/us/futbol/panama-anuncia-la-continuidad-de-thomas-christiansen-hasta-2030-f202609-n/,as.com,Spanish,,2026-09-09T03:00:00+00:00,2026-10-06T21:24:22+00:00,,gdelt,titular/metadatos
Gafbecc7950,"Muere Dagoberto  Yin  Carrizo , ícono de la música típica panameña",https://www.laestrella.com.pa/vida-y-cultura/farandula/muere-dagoberto-yin-carrizo-icono-de-la-musica-tipica-panamena-GL25487515,laestrella.com.pa,Spanish,,2026-09-07T17:30:00+00:00,2026-10-06T21:24:22+00:00,,gdelt,titular/metadatos
G0f5eac14c2,Familiares de los 7 panameños detenidos en Cuba lanzan contundente mensaje a Camino a la Democracia,https://www.telemetro.com/nacionales/familiares-los-7-panamenos-detenidos-cuba-lanzan-contundente-mensaje-camino-la-democracia-n6091383,telemetro.com,Spanish,,2026-09-10T20:00:00+00:00,2026-10-06T21:24:22+00:00,,gdelt,titular/metadatos
G090179a443,Eurodiputado pide a la Unión Europea retirar la tarjeta amarilla a Panamá por pesca ilegal,https://www.laestrella.com.pa/economia/eurodiputado-pide-a-la-union-europea-retirar-la-tarjeta-amarilla-a-panama-por-pesca-ilegal-PB25602159,laestrella.com.pa,Spanish,,2026-09-11T16:00:00+00:00,2026-10-06T21:24:22+00:00,,gdelt,titular/metadatos
G4df26422ca,La Asociación China aclara el origen de su monumento en Panamá,https://www.laestrella.com.pa/panama/nacional/la-asociacion-china-aclara-el-origen-de-su-monumento-en-panama-PE25471824,laestrella.com.pa,Spanish,,2026-09-06T22:15:00+00:00,2026-10-06T21:24:22+00:00,,gdelt,titular/metadatos
G54890e08f9,"Ismael Laguna , el centro en la historia del boxeo panameño",https://www.critica.com.pa/deportes/ismael-laguna-el-centro-en-la-historia-del-boxeo-panameno-516065,critica.com.pa,Spanish,,2026-09-09T09:45:00+00:00,2026-10-06T21:24:22+00:00,,gdelt,titular/metadatos
Ga33fcd39bb,Escuela para Padres del MEDUCA : esta es la fecha para la provincia de Panamá,https://www.telemetro.com/nacionales/escuela-padres-del-meduca-esta-es-la-fecha-la-provincia-panama-n6091154,telemetro.com,Spanish,,2026-09-08T23:00:00+00:00,2026-10-06T21:24:22+00:00,,gdelt,titular/metadatos
G2d5f6b93cb,"Transición de mando en el Canal de Panamá , tras 49 años de la firma de los tratados Torrijos - Carter",https://www.telemetro.com/nacionales/transicion-mando-el-canal-panama-49-anos-la-firma-los-tratados-torrijos-carter-n6090958,telemetro.com,Spanish,,2026-09-07T04:15:00+00:00,2026-10-06T21:24:22+00:00,,gdelt,titular/metadatos
G82ca543915,Andrés Andrade hace historia : es el tercer panameño en jugar la Champions League,https://www.midiario.com/deportivas/andres-andrade-hace-historia-es-el-tercer-panameno-en-jugar-la-champions-league/,midiario.com,Spanish,,2026-09-08T19:00:00+00:00,2026-10-06T21:24:22+00:00,,gdelt,titular/metadatos
G2eb7dbfe0f,Lluvia de carreras y triunfos clave en la fecha del Béisbol Sub - 10,https://www.laestrella.com.pa/deportes/beisbol/lluvia-de-carreras-y-triunfos-clave-en-la-fecha-del-beisbol-sub-10-HE25563411,laestrella.com.pa,Spanish,,2026-09-10T02:00:00+00:00,2026-10-06T21:24:22+00:00,,gdelt,titular/metadatos
G396a98e433,Fenómeno de El Niño amenaza la logística de Panamá,https://www.prensa.com/economia/fenomeno-de-el-nino-amenaza-la-logistica-de-panama/,prensa.com,Spanish,,2026-09-07T21:30:00+00:00,2026-10-06T21:24:22+00:00,,gdelt,titular/metadatos
Gff5084dd3a,എൽ നിനോ ശക്തമാകുന്നു ; പനാമ കനാലിൽ കപ്പൽ ഗതാഗതം നിയന്ത്രിച്ചേക്കുമെന്ന് മുന്നറിയിപ്പ് | Panama Canal may cut ship traffic further as El Niño strengthens,https://www.madhyamam.com/world/panama-canal-may-cut-ship-traffic-further-as-el-nio-strengthens-1552576,madhyamam.com,Malayalam,,2026-09-08T07:30:00+00:00,2026-10-06T21:24:22+00:00,,gdelt,titular/metadatos
G4d6d5f7b0f, ¿ Quién es Ilya Espino ? Vicepresidenta de la Autoridad del Canal de Panamá,https://www.sdpnoticias.com/internacional/quien-es-ilya-espino-vicepresidenta-de-la-autoridad-del-canal-de-panama/,sdpnoticias.com,Spanish,,2026-09-08T03:00:00+00:00,2026-10-06T21:24:22+00:00,,gdelt,titular/metadatos
Gf1ebe78e8a,Más allá del 7 de septiembre : 74 años de construcción de soberanía sobre el Canal,https://www.prensa.com/opinion/mas-alla-del-7-de-septiembre-74-anos-de-construccion-de-soberania-sobre-el-canal/,prensa.com,Spanish,,2026-09-07T02:15:00+00:00,2026-10-06T21:24:22+00:00,,gdelt,titular/metadatos
Gc226d29627,Panamá perdió la trazabilidad de su educación al no participar en PISA 2025,https://www.prensa.com/sociedad/panama-perdio-la-trazabilidad-de-su-educacion-al-no-participar-en-pisa-2025/,prensa.com,Spanish,,2026-09-09T15:30:00+00:00,2026-10-06T21:24:22+00:00,,gdelt,titular/metadatos
G28f1e70604,Diputados panameños acusan al régimen chino de interferir en decisiones de la Asamblea,https://www.infobae.com/panama/2026/09/09/diputados-panamenos-acusan-al-regimen-chino-de-interferir-en-decisiones-de-la-asamblea/,infobae.com,Spanish,,2026-09-09T23:30:00+00:00,2026-10-06T21:24:22+00:00,,gdelt,titular/metadatos
G785aef459b,"Fallece María  Toto  Murillo , histórica formadora del boxeo panameño",https://www.midiario.com/deportivas/fallece-maria-toto-murillo-historica-formadora-del-boxeo-panameno/,midiario.com,Spanish,,2026-09-09T18:30:00+00:00,2026-10-06T21:24:22+00:00,,gdelt,titular/metadatos
G414f7e8261,Pedro Morilla Pineda liderará el desarrollo juvenil del fútbol panameño,https://www.prensa.com/deportes/pedro-morilla-pineda-liderara-el-desarrollo-juvenil-del-futbol-panameno/,prensa.com,Spanish,,2026-09-09T02:00:00+00:00,2026-10-06T21:24:22+00:00,,gdelt,titular/metadatos
Gedfa743439,Pedro Morilla Pineda liderará el desarrollo juvenil del fútbol panameño,https://www.midiario.com/deportivas/pedro-morilla-pineda-liderara-el-desarrollo-juvenil-del-futbol-panameno/,midiario.com,Spanish,,2026-09-09T23:30:00+00:00,2026-10-06T21:24:22+00:00,,gdelt,titular/metadatos
G2e508cddac,La apuesta de Panamá por Thomas Christiansen que mantiene a Costa Rica en el retrovisor en Concacaf,https://www.nacion.com/puro-deporte/futbol/la-apuesta-de-panama-por-thomas-christiansen-que/MG6ZJMT2RZGOJI4FD67O3OJ24Y/story/,nacion.com,Spanish,,2026-09-09T00:15:00+00:00,2026-10-06T21:24:22+00:00,,gdelt,titular/metadatos
G3884e5f1a9,El choque diplomático de China y Panamá tras un acercamiento parlamentario con Taiwán | Internacional,https://www.biobiochile.cl/noticias/internacional/america-latina/2026/09/09/el-choque-diplomatico-de-china-y-panama-tras-un-acercamiento-parlamentario-con-taiwan.shtml,biobiochile.cl,Spanish,,2026-09-09T20:00:00+00:00,2026-10-06T21:24:22+00:00,,gdelt,titular/metadatos
Gaf4576bdfa,"Muere Dagoberto  Yin  Carrizo , referente de la música típica popular panameña",https://www.infobae.com/panama/2026/09/07/muere-dagoberto-yin-carrizo-referente-de-la-musica-tipica-popular-panamena/,infobae.com,Spanish,,2026-09-07T20:15:00+00:00,2026-10-06T21:24:22+00:00,,gdelt,titular/metadatos
G5ed0433087,Thomas Christiansen seguirá al frente de Panamá hasta 2030,https://www.prensa.com/deportes/thomas-christiansen-seguira-al-frente-de-panama-hasta-2030/,prensa.com,Spanish,,2026-09-09T02:00:00+00:00,2026-10-06T21:24:22+00:00,,gdelt,titular/metadatos
Gf4be5dd810,Thomas Christiansen seguirá al frente de Panamá hasta 2030,https://www.midiario.com/deportivas/thomas-christiansen-seguira-al-frente-de-panama-hasta-2030/,midiario.com,Spanish,,2026-09-09T23:30:00+00:00,2026-10-06T21:24:22+00:00,,gdelt,titular/metadatos
G20e66f086f,"Los Santos , Metro y Oeste triunfan en el Nacional de Béisbol Sub - 10",https://www.laestrella.com.pa/deportes/beisbol/los-santos-metro-y-oeste-triunfan-en-el-nacional-de-beisbol-sub-10-OB25533269,laestrella.com.pa,Spanish,,2026-09-09T02:15:00+00:00,2026-10-06T21:24:22+00:00,,gdelt,titular/metadatos
G65c4b14cb2,Motta Orillac Advisors y OneSource se unen para impulsar la competitividad de las empresas panameñas | La Prensa Panamá,https://www.prensa.com/contenido-de-marcas/motta-orillac-advisors-y-onesource-se-unen-para-impulsar-la-competitividad-de-las-empresas-panamenas/,prensa.com,Spanish,,2026-09-07T07:15:00+00:00,2026-10-06T21:24:22+00:00,,gdelt,titular/metadatos
G697faf9d32,Kekeringan akibat El Nino Ancam Kapasitas Terusan Panama,https://koran-jakarta.com/2026-09-09/kekeringan-akibat-el-nino-ancam-kapasitas-terusan-panama,koran-jakarta.com,Indonesian,,2026-09-08T18:15:00+00:00,2026-10-06T21:24:22+00:00,,gdelt,titular/metadatos
Gc553d33edf,Último adiós a Yin Carrizo : Detalles de sus honras fúnebres entre la capital y Ocú ; y la verdad detrás de  Lucy querida  y  Viva Panamá  ,https://www.prensa.com/vivir/ultimo-adios-a-yin-carrizo-detalles-de-sus-honras-funebres-entre-la-capital-y-ocu-y-la-verdad-detras-de-lucy-querida-y-viva-panama/,prensa.com,Spanish,,2026-09-07T21:30:00+00:00,2026-10-06T21:24:22+00:00,,gdelt,titular/metadatos
G82d155d9c9,Segundo embarque de concentrado de cobre de Cobre Panamá saldrá hacia India este viernes,https://www.prensa.com/economia/segundo-embarque-de-concentrado-de-cobre-de-cobre-panama-saldra-hacia-india-este-viernes/,prensa.com,Spanish,,2026-09-11T00:45:00+00:00,2026-10-06T21:24:22+00:00,,gdelt,titular/metadatos
Gf4f75dbf97,Más luto en el boxeo panameño : Fallece la reconocida entrenadora María  Toto  Murillo,https://www.prensa.com/deportes/mas-luto-en-el-boxeo-panameno-fallece-la-reconocida-entrenadora-y-activista-maria-toto-murillo/,prensa.com,Spanish,,2026-09-09T15:30:00+00:00,2026-10-06T21:24:22+00:00,,gdelt,titular/metadatos
Ga5551cada2,"Entre lágrimas y violines , Ocú le dio el último adiós a Yin Carrizo",https://www.critica.com.pa/nacional/entre-lagrimas-y-violines-ocu-le-dio-el-ultimo-adios-yin-carrizo-516225,critica.com.pa,Spanish,,2026-09-11T19:30:00+00:00,2026-10-06T21:24:22+00:00,,gdelt,titular/metadatos
Gadf112f9e9,Dengue no da tregua en Panamá : ya suma 17 muertos y más de 7 mil casos,https://www.midiario.com/nacionales/dengue-no-da-tregua-en-panama-ya-suma-17-muertos-y-mas-de-7-mil-casos/,midiario.com,Spanish,,2026-09-09T23:30:00+00:00,2026-10-06T21:24:22+00:00,,gdelt,titular/metadatos
Gf4046be3c6,Gobierno evalúa reducir a un año el internado para médicos y contratar a extranjeros,https://www.telemetro.com/nacionales/gobierno-evalua-reducir-un-ano-el-internado-medicos-y-contratar-extranjeros-n6091419,telemetro.com,Spanish,,2026-09-11T01:00:00+00:00,2026-10-06T21:24:22+00:00,,gdelt,titular/metadatos
G43eacf6311,Christiansen renueva oficialmente con Panamá,https://www.critica.com.pa/deportes/christiansen-renueva-oficialmente-con-panama-516071,critica.com.pa,Spanish,,2026-09-09T12:15:00+00:00,2026-10-06T21:24:22+00:00,,gdelt,titular/metadatos
G441e5e7741,Ley panameña de sustancia económica y sus implicaciones para RD,https://www.elcaribe.com.do/panorama/dinero/ley-panamena-de-sustancia-economica-y-sus-implicaciones-para-rd/,elcaribe.com.do,Spanish,,2026-09-09T06:15:00+00:00,2026-10-06T21:24:22+00:00,,gdelt,titular/metadatos
G38f77cea9c,巴拿马国会台湾交流小组成立 台外交部祝贺,https://www.epochtimes.com/gb/26/9/9/n14845590.htm,epochtimes.com,Chinese,,2026-09-09T10:45:00+00:00,2026-10-06T21:24:22+00:00,,gdelt,titular/metadatos
G125c08ccf5,El año en que 10 panameños coincidieron en las Grandes Ligas,https://www.prensa.com/deportes/el-ano-en-que-10-panamenos-coincidieron-en-las-grandes-ligas/,prensa.com,Spanish,,2026-09-07T21:30:00+00:00,2026-10-06T21:24:22+00:00,,gdelt,titular/metadatos
G0070fe6b52,Día de luto para el boxeo panameño : muere María Toto Murillo,https://www.telemetro.com/deportes/dia-luto-el-boxeo-panameno-muere-maria-toto-murillo-n6091219,telemetro.com,Spanish,,2026-09-09T16:15:00+00:00,2026-10-06T21:24:22+00:00,,gdelt,titular/metadatos
Ga4c8a27e4c,"La Asamblea Nacional estrecha vínculos con Taiwán , mientras Mulino marca distancia",https://www.prensa.com/politica/la-asamblea-estrecha-vinculos-con-taiwan-y-mulino-marca-distancia/,prensa.com,Spanish,,2026-09-09T02:00:00+00:00,2026-10-06T21:24:22+00:00,,gdelt,titular/metadatos
G4f4f4638d1,Ricaurte Vásquez se despide del Canal defendiendo río Indio y la neutralidad,https://www.prensa.com/economia/ricaurte-vasquez-se-despide-del-canal-defendiendo-rio-indio-y-la-neutralidad/,prensa.com,Spanish,,2026-09-07T21:30:00+00:00,2026-10-06T21:24:22+00:00,,gdelt,titular/metadatos
Gb467543404,Ministro de Educación remarca que Panamá participará en la próxima prueba PISA,https://www.telemetro.com/nacionales/ministro-educacion-remarca-que-panama-participara-la-proxima-prueba-pisa-n6091312,telemetro.com,Spanish,,2026-09-10T05:00:00+00:00,2026-10-06T21:24:22+00:00,,gdelt,titular/metadatos
Gb3a36144a4,Estrangeiros que visitam o Panamá agora têm direito a seguro de viagem gratuito e válido por dez dias ; entenda,https://oglobo.globo.com/boa-viagem/noticia/2026/09/10/estrangeiros-que-visitam-o-panama-agora-tem-direito-a-seguro-de-viagem-gratuito-e-valido-por-dez-dias.ghtml,oglobo.globo.com,Portuguese,,2026-09-10T17:15:00+00:00,2026-10-06T21:24:22+00:00,,gdelt,titular/metadatos
Gc27fc85773,"Panamá confirma captura de alias Dimax , presunto cabecilla de una  oficina de cobro de Cali",https://www.elpais.com.co/judicial/panama-confirma-la-captura-de-alias-dimax-presunto-cabecilla-de-una-oficina-de-cobros-de-cali-1114.html,elpais.com.co,Spanish,,2026-09-11T13:00:00+00:00,2026-10-06T21:24:22+00:00,,gdelt,titular/metadatos
G55b50a63f1,Moody evalúa si Panamá conservará el grado de inversión este año,https://www.critica.com.pa/nacional/moodys-evalua-si-panama-conservara-el-grado-de-inversion-este-ano-516063,critica.com.pa,Spanish,,2026-09-09T03:30:00+00:00,2026-10-06T21:24:22+00:00,,gdelt,titular/metadatos
G6a1ff21b87,Clima en Panamá : Pronóstico para este viernes 11 de septiembre,https://www.laestrella.com.pa/panama/informacion-util/clima-en-panama-pronostico-para-este-viernes-11-de-septiembre-DL25598658,laestrella.com.pa,Spanish,,2026-09-11T11:30:00+00:00,2026-10-06T21:24:22+00:00,,gdelt,titular/metadatos
G2065115d9f,Capturan en Costa Rica a criminal panameño vinculado al  Tren de Aragua  ,https://laverdad.com/capturan-en-costa-rica-a-criminal-panameno-vinculado-al-tren-de-aragua/,laverdad.com,Spanish,,2026-09-11T21:30:00+00:00,2026-10-06T21:24:22+00:00,,gdelt,titular/metadatos
Gf9cfa320c1,Ilya Espino de Marotta identifica los retos de administrar el Canal de Panamá,https://www.telemetro.com/nacionales/ilya-espino-marotta-identifica-los-retos-administrar-el-canal-panama-n6091036,telemetro.com,Spanish,,2026-09-07T23:00:00+00:00,2026-10-06T21:24:22+00:00,,gdelt,titular/metadatos
Gea13ecc9b1,China rechaza el acercamiento de diputados panameños con Taiwán,https://www.teletica.com/internacional/china-rechaza-el-acercamiento-de-diputados-panamenos-con-taiwan_416937,teletica.com,Spanish,,2026-09-09T05:00:00+00:00,2026-10-06T21:24:22+00:00,,gdelt,titular/metadatos
G2ba5559a04,"Ismael Laguna , el Tigre de Colón que llevó al boxeo panameño a la gloria",https://www.prensa.com/deportes/ismael-laguna-el-tigre-de-colon-que-llevo-al-boxeo-panameno-a-la-gloria/,prensa.com,Spanish,,2026-09-09T02:00:00+00:00,2026-10-06T21:24:22+00:00,,gdelt,titular/metadatos
G4a7ae23259,IPAC議員主導 巴拿馬國會台灣交流小組成立 | 政治 | 要聞,https://udn.com/news/story/6656/9742928,udn.com,Chinese,,2026-09-09T01:30:00+00:00,2026-10-06T21:24:22+00:00,,gdelt,titular/metadatos
G0619198559,De coalición a partido,https://www.prensa.com/opinion/de-coalicion-a-partido/,prensa.com,Spanish,,2026-09-09T02:00:00+00:00,2026-10-06T21:24:22+00:00,,gdelt,titular/metadatos
G2beca40852,Los retos de la primera mujer a cargo del Canal de Panamá,https://efe.com/economia/2026-09-07/retos-primera-mujer-administradora-canal-de-panama-cambio-climatico-diversificacion/,efe.com,Spanish,,2026-09-07T20:00:00+00:00,2026-10-06T21:24:22+00:00,,gdelt,titular/metadatos
Gff9b5b031e,IPAC議員主導 巴拿馬國會台灣交流小組成立 | 政治,https://www.cna.com.tw:443/news/aipl/202609090018.aspx,cna.com.tw,Chinese,,2026-09-09T02:45:00+00:00,2026-10-06T21:24:22+00:00,,gdelt,titular/metadatos
Gf83bb0f2a6,"Ismael Laguna , el Tigre de Colón que llevó al boxeo panameño a la gloria",https://www.midiario.com/deportivas/ismael-laguna-el-tigre-de-colon-que-llevo-al-boxeo-panameno-a-la-gloria/,midiario.com,Spanish,,2026-09-09T23:30:00+00:00,2026-10-06T21:24:22+00:00,,gdelt,titular/metadatos
G8edff44447,China reacciona al acercamiento de diputados de la Asamblea Nacional con Taiwán,https://www.laestrella.com.pa/mundo/china-reacciona-al-acercamiento-de-diputados-de-la-asamblea-nacional-con-taiwan-BB25538485,laestrella.com.pa,Spanish,,2026-09-09T02:15:00+00:00,2026-10-06T21:24:22+00:00,,gdelt,titular/metadatos
Gf9aea50094,Escuela para Padres 2026 : estas son las fechas y horarios anunciados por Meduca,https://www.laestrella.com.pa/panama/informacion-util/escuela-para-padres-2026-estas-son-las-fechas-y-horarios-anunciados-por-meduca-ND25518731,laestrella.com.pa,Spanish,,2026-09-08T17:15:00+00:00,2026-10-06T21:24:22+00:00,,gdelt,titular/metadatos
G1c87117508,巴拿馬成立國會友台小組 成員超過議員人數6成 「 是友中小組2倍 」 | ETtoday政治新聞,https://www.ettoday.net/news/20260909/3234447.htm,ettoday.net,Chinese,,2026-09-09T08:45:00+00:00,2026-10-06T21:24:22+00:00,,gdelt,titular/metadatos
G3dc6c20c3a,El sector pesquero panameño se consolida como el principal motor de exportación,https://www.laestrella.com.pa/economia/el-sector-pesquero-panameno-se-consolida-como-el-principal-motor-de-exportacion-FK25499950,laestrella.com.pa,Spanish,,2026-09-07T22:00:00+00:00,2026-10-06T21:24:22+00:00,,gdelt,titular/metadatos
G79e06bce55,Erstmals leitet eine Frau den Panamakanal,https://www.finanzen.net/nachricht/aktien/erstmals-leitet-eine-frau-den-panamakanal-15922338,finanzen.net,German,,2026-09-07T20:00:00+00:00,2026-10-06T21:24:22+00:00,,gdelt,titular/metadatos
G6c52fe2a8f,Thomas Christiansen seguirá con la selección de Panamá hasta el 2030,https://www.laestrella.com.pa/deportes/futbol/thomas-christiansen-seguira-con-la-seleccion-de-panama-hasta-el-2030-NB25534988,laestrella.com.pa,Spanish,,2026-09-09T02:15:00+00:00,2026-10-06T21:24:22+00:00,,gdelt,titular/metadatos
Gf5c7aa4571,Wirtschaft - Verwaltung des Panamakanals wird erstmals von einer Frau geleitet,https://www.deutschlandfunk.de/verwaltung-des-panamakanals-wird-erstmals-von-einer-frau-geleitet-104.html,deutschlandfunk.de,German,,2026-09-08T00:30:00+00:00,2026-10-06T21:24:22+00:00,,gdelt,titular/metadatos
G0d0b35ad3d,Más de 4 mil panameños aprendieron a leer en 26 meses,https://www.critica.com.pa/nacional/mas-de-4-mil-panamenos-aprendieron-leer-en-26-meses-516032,critica.com.pa,Spanish,,2026-09-08T20:15:00+00:00,2026-10-06T21:24:22+00:00,,gdelt,titular/metadatos
Gd2df45c20e,"Muere  El Tigre de Colón , excampeón e ídolo del boxeo panameño",https://laopinion.com/2026/09/08/muere-ismael-laguna-leyenda-del-boxeo-panameno-e-idolo-de-roberto-manos-de-piedra-duran/,laopinion.com,Spanish,,2026-09-09T02:00:00+00:00,2026-10-06T21:24:22+00:00,,gdelt,titular/metadatos
G474bbc6a0e,Alias Dimax : Presunto cabecilla de oficina de cobros con sicarios de Cali estuvo preso en Panamá 48 meses con un nombre falso,https://www.prensa.com/judiciales/alias-dimax-cabecilla-de-oficina-de-cobros-de-cali-estuvo-preso-en-panama-48-meses-con-un-nombre-falso/,prensa.com,Spanish,,2026-09-11T19:30:00+00:00,2026-10-06T21:24:22+00:00,,gdelt,titular/metadatos
Gca32312abc,Incendio afecta al buque Min Jiang Kou en aguas del Pacífico de Panamá,https://www.laestrella.com.pa/panama/nacional/incendio-afecta-al-buque-min-jiang-kou-en-aguas-del-pacifico-de-panama-FB25535752,laestrella.com.pa,Spanish,,2026-09-09T02:15:00+00:00,2026-10-06T21:24:22+00:00,,gdelt,titular/metadatos
G153703b900,Panamá hacia la OCDE : ¿ qué gana y qué arriesga ? ,https://www.laestrella.com.pa/economia/panama-hacia-la-ocde-que-gana-y-que-arriesga-CE25564969,laestrella.com.pa,Spanish,,2026-09-10T06:15:00+00:00,2026-10-06T21:24:22+00:00,,gdelt,titular/metadatos
G115a74c18f,"Muere Ismael Laguna , leyenda del boxeo panameño",https://netnoticias.mx/deportes/fallece-ismael-laguna-leyenda-del-boxeo-panameno,netnoticias.mx,Spanish,,2026-09-09T02:30:00+00:00,2026-10-06T21:24:22+00:00,,gdelt,titular/metadatos
Gbf98af080c,巴拿馬過半議員加入友台小組 林佳龍盼深化合作交流 | 政治,https://www.cna.com.tw:443/news/aipl/202609090232.aspx,cna.com.tw,Chinese,,2026-09-09T09:45:00+00:00,2026-10-06T21:24:22+00:00,,gdelt,titular/metadatos
G95208a43aa,巴拿馬過半議員加入友台小組 林佳龍盼深化合作交流 | 政治,https://www.cna.com.tw/news/aipl/202609090232.aspx,cna.com.tw,Chinese,,2026-09-09T11:00:00+00:00,2026-10-06T21:24:22+00:00,,gdelt,titular/metadatos
G09b0c6d979,Urge inyectarle liquidez al sector productivo,https://www.prensa.com/opinion/urge-inyectarle-liquidez-al-sector-productivo/,prensa.com,Spanish,,2026-09-08T02:30:00+00:00,2026-10-06T21:24:22+00:00,,gdelt,titular/metadatos
Gca1894b86d,Panama legislature forms Taiwan friendship group,https://www.taipeitimes.com/News/taiwan/archives/2026/09/09/2003863976,taipeitimes.com,English,,2026-09-09T12:15:00+00:00,2026-10-06T21:24:22+00:00,,gdelt,titular/metadatos
Gbdf6162078,Panamá : entre los parches y la costumbre de callar,https://www.prensa.com/opinion/panama-entre-los-parches-y-la-costumbre-de-callar/,prensa.com,Spanish,,2026-09-09T20:15:00+00:00,2026-10-06T21:24:22+00:00,,gdelt,titular/metadatos
G3f14541270,Andrade debutó a lo grande ; hoy juegan  Fulo  y Blackman,https://www.critica.com.pa/deportes/andrade-debuto-lo-grande-hoy-juegan-fulo-y-blackman-516066,critica.com.pa,Spanish,,2026-09-09T09:45:00+00:00,2026-10-06T21:24:22+00:00,,gdelt,titular/metadatos
Gd81a4829a6,  Chichero  representará a Panamá en la carrera a los Premios Oscar y Goya,https://www.critica.com.pa/show/chichero-representara-panama-en-la-carrera-los-premios-oscar-y-goya-516160,critica.com.pa,Spanish,,2026-09-10T14:00:00+00:00,2026-10-06T21:24:22+00:00,,gdelt,titular/metadatos
G02c4ed4f60,"Cuenca hidrográfica del canal , minería y agua potable",https://www.panamaamerica.com.pa/opinion/cuenca-hidrografica-del-canal-mineria-y-agua-potable-1266204,panamaamerica.com.pa,Spanish,,2026-09-11T05:45:00+00:00,2026-10-06T21:24:22+00:00,,gdelt,titular/metadatos
Ga631e4e918,Silvio Guerra,https://www.panamaamerica.com.pa/opinion/silvio-guerra-1266204,panamaamerica.com.pa,Spanish,,2026-09-11T13:45:00+00:00,2026-10-06T21:24:22+00:00,,gdelt,titular/metadatos
G4a8c86692b,"Panamá abre centro que fusiona historia y naturaleza tras invertir 7 , 7 millones de dólares",https://www.colombia.com/actualidad/internacionales/panama-abre-centro-que-fusiona-historia-y-naturaleza-tras-invertir-77-millones-de-dolares-599370,colombia.com,Spanish,,2026-09-07T17:00:00+00:00,2026-10-06T21:24:22+00:00,,gdelt,titular/metadatos
Gc4d2f89670,"SUV para ciudad , familia o aventura : las opciones de JETOUR en Panamá | La Prensa Panamá",https://www.prensa.com/notas-de-prensa/suv-para-ciudad-familia-o-aventura-las-opciones-de-jetour-en-panama/,prensa.com,Spanish,,2026-09-07T07:15:00+00:00,2026-10-06T21:24:22+00:00,,gdelt,titular/metadatos
Ga7177e687c,Luto en el boxeo panameño : muere el dos veces campeón mundial Ismael Laguna,https://www.laestrella.com.pa/deportes/boxeo/luto-en-el-boxeo-panameno-muere-el-dos-veces-campeon-mundial-ismael-laguna-KA25526873,laestrella.com.pa,Spanish,,2026-09-08T22:00:00+00:00,2026-10-06T21:24:22+00:00,,gdelt,titular/metadatos
G599effa1f8,BID Invest insta a Panamá a acelerar la reforma a la Ley del Mercado de Valores,https://www.laestrella.com.pa/economia/bid-invest-insta-a-panama-a-acelerar-la-reforma-a-la-ley-del-mercado-de-valores-JL25593947,laestrella.com.pa,Spanish,,2026-09-11T06:15:00+00:00,2026-10-06T21:24:22+00:00,,gdelt,titular/metadatos
G548bcbaeb5,Mulino vuelve a marcar distancia tras otro acercamiento de la Asamblea Nacional con Taiwán,https://www.diaadia.com.pa/el-pais/mulino-vuelve-marcar-distancia-tras-otro-acercamiento-de-la-asamblea-nacional-con-taiwan,diaadia.com.pa,Spanish,,2026-09-08T23:45:00+00:00,2026-10-06T21:24:22+00:00,,gdelt,titular/metadatos
G0f7952f40b,Nataly Delgado cuestiona que se diga que Panamá no tiene campeón mundial desde 2017,https://www.diaadia.com.pa/deportes/nataly-delgado-cuestiona-que-se-diga-que-panama-no-tiene-campeon-mundial-desde-2017-791537,diaadia.com.pa,Spanish,,2026-09-10T18:15:00+00:00,2026-10-06T21:24:22+00:00,,gdelt,titular/metadatos
G11995d6639,NASA realiza desde Panamá una misión para estudiar la atmósfera : así es la aeronave que sobrevuela la región,https://www.telemetro.com/nacionales/nasa-realiza-panama-una-mision-estudiar-la-atmosfera-asi-es-la-aeronave-que-sobrevuela-la-region-n6091390,telemetro.com,Spanish,,2026-09-10T21:15:00+00:00,2026-10-06T21:24:22+00:00,,gdelt,titular/metadatos
G4b999db4df,Tratados Torrijos - Carter : 49 años del hito que devolvió el Canal a Panamá,https://www.panamaamerica.com.pa/politica/tratados-torrijos-carter-49-anos-del-hito-que-devolvio-el-canal-panama-1266048,panamaamerica.com.pa,Spanish,,2026-09-07T16:45:00+00:00,2026-10-06T21:24:22+00:00,,gdelt,titular/metadatos
Ge3c4dd5ebd,"Yin Carrizo fallece a los 87 años , el maestro del acordeón que marcó la música panameña",https://www.diaadia.com.pa/fama/yin-carrizo-fallece-los-87-anos-el-maestro-del-acordeon-que-marco-la-musica-panamena-791490,diaadia.com.pa,Spanish,,2026-09-07T18:45:00+00:00,2026-10-06T21:24:22+00:00,,gdelt,titular/metadatos
Gc2a6ecbd25,Ilya Espino de Marotta : Erste Frau leitet Panamakanal,https://www.t-online.de/finanzen/aktuelles/wirtschaft/id_101424772/ilya-espino-de-marotta-erste-frau-leitet-panamakanal.html,t-online.de,German,,2026-09-07T23:30:00+00:00,2026-10-06T21:24:22+00:00,,gdelt,titular/metadatos
G97e3e7b0a7,Ilya Espino de Marotta : Erste Frau leitet nun Panamakanal,https://www.t-online.de/finanzen/aktuelles/wirtschaft/id_101424772/ilya-espino-de-marotta-erste-frau-leitet-nun-panamakanal.html,t-online.de,German,,2026-09-08T06:00:00+00:00,2026-10-06T21:24:22+00:00,,gdelt,titular/metadatos
Gaea0918e8e,  Hay fiesta en el cielo  ,https://www.panamaamerica.com.pa/sinseccion/hay-fiesta-en-el-cielo-1266180,panamaamerica.com.pa,Spanish,,2026-09-10T06:15:00+00:00,2026-10-06T21:24:22+00:00,,gdelt,titular/metadatos
G767423b07a,  Chichero  representará a Panamá en los Goya y los Óscar,https://www.panamaamerica.com.pa/variedades/chichero-representara-panama-en-los-goya-y-los-oscar-1266249,panamaamerica.com.pa,Spanish,,2026-09-11T21:15:00+00:00,2026-10-06T21:24:22+00:00,,gdelt,titular/metadatos
G33df3953aa,元世界ライト級王者イスマエル ・ ラグナ氏が死去 83歳 世界初挑戦のガッツ石松を相手にTKO防衛 - スポニチ Sponichi Annex 格闘技,https://www.sponichi.co.jp/battle/news/2026/09/10/kiji/20260910s00021000065000c.html,sponichi.co.jp,Japanese,,2026-09-10T03:00:00+00:00,2026-10-06T21:24:22+00:00,,gdelt,titular/metadatos
G2b8dd0bf49,Economía política : socialdemocracia y las izquierdas en Panamá ( 2004 - 2025 ) ,https://www.prensa.com/opinion/economia-politica-socialdemocracia-y-las-izquierdas-en-panama-2004-2025/,prensa.com,Spanish,,2026-09-11T05:15:00+00:00,2026-10-06T21:24:22+00:00,,gdelt,titular/metadatos
G451f11fc43,Selección de Lucha Olímpica de Panamá lista para los Codicader,https://www.critica.com.pa/deportes/seleccion-de-lucha-olimpica-de-panama-lista-para-los-codicader-516192,critica.com.pa,Spanish,,2026-09-11T10:15:00+00:00,2026-10-06T21:24:22+00:00,,gdelt,titular/metadatos
Gb05f5a0b1e,Servicios y logística con Ecuador tienen potencial,https://www.panamaamerica.com.pa/economia/servicios-y-logistica-con-ecuador-tienen-potencial-1266019,panamaamerica.com.pa,Spanish,,2026-09-07T07:00:00+00:00,2026-10-06T21:24:22+00:00,,gdelt,titular/metadatos
G2041be07fd,Ilya Espino de Marotta : Erste Frau leitet Panamakanal,https://www.vol.at/erstmals-leitet-eine-frau-den-panamakanal/10448396,vol.at,German,,2026-09-07T22:45:00+00:00,2026-10-06T21:24:22+00:00,,gdelt,titular/metadatos
Ge165ff662b,"El boxeo panameño pierde a Ismael Laguna , primer campeón de su país en el WBC",https://eldiariony.com/2026/09/09/el-boxeo-panameno-pierde-a-ismael-laguna-primer-campeon-de-su-pais-en-el-wbc/,eldiariony.com,Spanish,,2026-09-09T20:45:00+00:00,2026-10-06T21:24:22+00:00,,gdelt,titular/metadatos
G6218d05dc3,  Sech  anuncia el  Secho Gang Tour  y confirma a Panamá,https://www.panamaamerica.com.pa/variedades/sech-anuncia-el-secho-gang-tour-y-confirma-panama-1266121,panamaamerica.com.pa,Spanish,,2026-09-09T03:00:00+00:00,2026-10-06T21:24:22+00:00,,gdelt,titular/metadatos
G5ab3ea3f9d, ¡ Oro panameño ! El Abel Bravo reina en el baloncesto de Codicader 2026,https://www.laestrella.com.pa/deportes/baloncesto/oro-panameno-el-abel-bravo-reina-en-el-baloncesto-de-codicader-2026-JE25562487,laestrella.com.pa,Spanish,,2026-09-10T02:00:00+00:00,2026-10-06T21:24:22+00:00,,gdelt,titular/metadatos
G59b0d19f5c,BID advierte sobre el impacto fiscal de El Niño en Panamá,https://www.laestrella.com.pa/economia/bid-advierte-sobre-el-impacto-fiscal-de-el-nino-en-panama-AC25502424,laestrella.com.pa,Spanish,,2026-09-08T07:30:00+00:00,2026-10-06T21:24:22+00:00,,gdelt,titular/metadatos
G770f578fc5,"Panamá respira , pero ¿ qué está respirando ? ",https://www.prensa.com/opinion/panama-respira-pero-que-esta-respirando/,prensa.com,Spanish,,2026-09-07T02:15:00+00:00,2026-10-06T21:24:22+00:00,,gdelt,titular/metadatos
G128a44d193,El  ídolo de ídolo recibe su último homenaje : Panamá despide a Ismael Laguna,https://www.prensa.com/deportes/el-idolo-de-idolos-recibe-su-ultimo-homenaje-panama-despide-a-ismael-laguna/,prensa.com,Spanish,,2026-09-11T19:30:00+00:00,2026-10-06T21:24:22+00:00,,gdelt,titular/metadatos
G75aae0fe80, ¡ Suéltalo ! Campaña que busca prevenir el suicidio en la población,https://www.critica.com.pa/nacional/sueltalo-campana-que-busca-prevenir-el-suicidio-en-la-poblacion-516201,critica.com.pa,Spanish,,2026-09-11T01:15:00+00:00,2026-10-06T21:24:22+00:00,,gdelt,titular/metadatos
G49d45e3d08,China no tiene facultad para exhortar a diputados a que cambien su postura,https://www.panamaamerica.com.pa/politica/china-no-tiene-facultad-para-exhortar-diputados-que-cambien-su-postura-1266176,panamaamerica.com.pa,Spanish,,2026-09-10T07:00:00+00:00,2026-10-06T21:24:22+00:00,,gdelt,titular/metadatos
G7be8e78973,Lo que debes saber : las noticias que marcaron este miércoles 9 de septiembre en Panamá,https://www.laestrella.com.pa/panama/nacional/lo-que-debes-saber-las-noticias-que-marcaron-este-miercoles-9-de-septiembre-en-panama-PE25562580,laestrella.com.pa,Spanish,,2026-09-10T02:00:00+00:00,2026-10-06T21:24:22+00:00,,gdelt,titular/metadatos
G9ee1fc3ab5,Primera mujer asume administración del Canal de Panamá - Noticias Prensa Latina,https://www.prensa-latina.cu/2026/09/07/primera-mujer-asume-administracion-del-canal-de-panama/,prensa-latina.cu,Spanish,,2026-09-07T05:15:00+00:00,2026-10-06T21:24:22+00:00,,gdelt,titular/metadatos
Gf78d0a5daa,Juegos Suramericanos 2026 : Panamá acude a Santa Fe con 90 atletas,https://www.rpctv.com/boxeo-internacional/programas/juegos-suramericanos-2026-panama-acude-santa-fe-90-atletas-n6091020,rpctv.com,Spanish,,2026-09-07T20:00:00+00:00,2026-10-06T21:24:22+00:00,,gdelt,titular/metadatos
G5387260329,Wirtschaft - Verwaltung des Panamakanals wird erstmals von einer Frau geleitet,https://www.deutschlandfunk.de/verwaltung-des-panamakanals-wird-erstmals-von-einer-frau-geleitet-100.html,deutschlandfunk.de,German,,2026-09-07T21:15:00+00:00,2026-10-06T21:24:22+00:00,,gdelt,titular/metadatos
G3fceb2ca69,Gabriela Lineth responde a quienes no quedaron conformes con su coronación como Miss Universe Panamá,https://www.diaadia.com.pa/gabriela-lineth-responde-quienes-no-quedaron-conformes-con-su-coronacion-como-miss-universe-panama,diaadia.com.pa,Spanish,,2026-09-10T18:15:00+00:00,2026-10-06T21:24:22+00:00,,gdelt,titular/metadatos
G8525066633,Panamá gasta hasta $100 millones al año en biodiversidad : el reto es calcular la brecha,https://www.laestrella.com.pa/economia/panama-gasta-hasta-100-millones-al-ano-en-biodiversidad-el-reto-es-calcular-la-brecha-FE25564991,laestrella.com.pa,Spanish,,2026-09-10T06:15:00+00:00,2026-10-06T21:24:22+00:00,,gdelt,titular/metadatos
G9169aac4e5,Администрация Панамского канала допустила дальнейшее сокращение судоходства,https://www.vedomosti.ru/politics/news/2026/09/08/1227096-administratsiya-panamskogo,vedomosti.ru,Russian,,2026-09-08T07:45:00+00:00,2026-10-06T21:24:22+00:00,,gdelt,titular/metadatos
Gcf5a31a419,台巴關係受矚 外交部盼結合雙方優勢對合作持開放態度 | 政治,https://www.cna.com.tw:443/news/aipl/202609110060.aspx,cna.com.tw,Chinese,,2026-09-11T04:15:00+00:00,2026-10-06T21:24:22+00:00,,gdelt,titular/metadatos
G9010da5ae2,Detienen en Costa Rica a presuntos miembros del Cártel de Sinaloa y el Tren de Aragua,https://www.eluniversal.com.mx/mundo/detienen-en-costa-rica-a-presuntos-miembros-del-cartel-de-sinaloa-y-el-tren-de-aragua-les-decomisaron-3-kilos-de-cocaina/,eluniversal.com.mx,Spanish,,2026-09-11T03:45:00+00:00,2026-10-06T21:24:22+00:00,,gdelt,titular/metadatos
Gfd1ef9f210,How Beautiful Panama Is ! - Slippedisc,https://slippedisc.com/2026/09/operavision-62/,slippedisc.com,English,,2026-09-11T15:45:00+00:00,2026-10-06T21:24:22+00:00,,gdelt,titular/metadatos
G7385899593,"New Panama Canal Chief Takes Office With Water , Expansion Projects in Focus",https://gcaptain.com/new-panama-canal-chief-takes-office-with-water-expansion-projects-in-focus/,gcaptain.com,English,,2026-09-08T01:30:00+00:00,2026-10-06T21:24:22+00:00,,gdelt,titular/metadatos
Gf0d12b1a60,"Abner Benaim , Alfredo Castro Board  School of the Americas  ",https://variety.com/2026/film/global/abner-benaim-daniela-vega-alfredo-castro-school-americas-1236853506/,variety.com,English,,2026-09-07T12:45:00+00:00,2026-10-06T21:24:22+00:00,,gdelt,titular/metadatos
G478b294a23,Thomas Christiansen al mando de la Selección de Panamá hasta 2030,https://www.rpctv.com/marea-roja/thomas-christiansen-al-mando-la-seleccion-panama-2030-n6091177,rpctv.com,Spanish,,2026-09-09T01:00:00+00:00,2026-10-06T21:24:22+00:00,,gdelt,titular/metadatos
G85cb2bee47,Ilya Espino al frente del Canal de Panamá : las claves de su primer discurso,https://www.laestrella.com.pa/panama/nacional/ilya-espino-al-frente-del-canal-de-panama-las-claves-de-su-primer-discurso-GL25485641,laestrella.com.pa,Spanish,,2026-09-07T17:30:00+00:00,2026-10-06T21:24:22+00:00,,gdelt,titular/metadatos
Ga391b1b959,"Mujeres Guna , Emberá y Ngäbe - Buglé se roban las miradas en pasarela cultural en Mi Pueblito",https://www.midiario.com/farandula/mujeres-guna-embera-y-ngabe-bugle-se-roban-las-miradas-en-pasarela-cultural-en-mi-pueblito/,midiario.com,Spanish,,2026-09-08T19:00:00+00:00,2026-10-06T21:24:22+00:00,,gdelt,titular/metadatos
G11daf0cd90,Detienen en suelo tico a cuatro presuntos miembros de bandas criminales de Panamá,https://www.teletica.com/sucesos/detienen-en-suelo-tico-a-cuatro-presuntos-miembros-de-bandas-criminales-de-panama_416785,teletica.com,Spanish,,2026-09-07T02:15:00+00:00,2026-10-06T21:24:22+00:00,,gdelt,titular/metadatos
G05edefe64a,Panamá lidera exportaciones de servicios de Centroamérica,https://www.laestrella.com.pa/economia/panama-lidera-exportaciones-de-servicios-de-centroamerica-IC25502569,laestrella.com.pa,Spanish,,2026-09-08T07:30:00+00:00,2026-10-06T21:24:22+00:00,,gdelt,titular/metadatos
G6141292985,El sector pesquero de Panamá crece un 5 . 6 % y genera $158 . 5 millones,https://www.panamaamerica.com.pa/economia/el-sector-pesquero-de-panama-crece-un-56-y-genera-1585-millones-1266057,panamaamerica.com.pa,Spanish,,2026-09-07T21:15:00+00:00,2026-10-06T21:24:22+00:00,,gdelt,titular/metadatos
G8560a66f5d,"Mulino defiende en Ecuador sus viajes :  Creen que uno viene aquí de paseo , hacer shopping y turismo  ",https://www.laestrella.com.pa/panama/nacional/mulino-defiende-en-ecuador-sus-viajes-creen-que-uno-viene-aqui-de-paseo-hacer-shopping-y-turismo-HE25470043,laestrella.com.pa,Spanish,,2026-09-06T22:15:00+00:00,2026-10-06T21:24:22+00:00,,gdelt,titular/metadatos
Gc486fa367d,中使館 ： 堅決反對巴拿馬成立涉台交流小組 | 內地,https://www.hkcna.hk/docDetail.jsp?id=101417415&channel=2808,hkcna.hk,Chinese,,2026-09-09T14:00:00+00:00,2026-10-06T21:24:22+00:00,,gdelt,titular/metadatos
G44065ce27c,Empresa dominicana construirá nuevo teleférico urbano en Panamá por 255 millones de dólares,https://elnacional.com.do/economia/empresa-dominicana-construira-nuevo-teleferico-urbano-panama-255-millones-dolares_580581.html,elnacional.com.do,Spanish,,2026-09-11T01:15:00+00:00,2026-10-06T21:24:22+00:00,,gdelt,titular/metadatos
Gf32f277e83,"LA SEMANA DE LOS  GOTA A GOTA . Iba en moto , cargaba cinco tarjetas y dinero : colombiano cae en operativo en Merca Panamá",https://www.midiario.com/policiales/la-semana-de-los-gota-a-gota-iba-en-moto-cargaba-cinco-tarjetas-y-dinero-colombiano-cae-en-operativo-en-merca-panama/,midiario.com,Spanish,,2026-09-09T23:30:00+00:00,2026-10-06T21:24:22+00:00,,gdelt,titular/metadatos
G6116f712f0,"Panamá despide a un campeón : muere Ismael Laguna , leyenda del boxeo",https://www.diaadia.com.pa/deportes/panama-despide-un-campeon-muere-ismael-laguna-leyenda-del-boxeo-791517,diaadia.com.pa,Spanish,,2026-09-08T23:45:00+00:00,2026-10-06T21:24:22+00:00,,gdelt,titular/metadatos
G5a7661a5f9,Legislativo forma grupo de amistad con Taiwán respaldado por Estados Unidos,https://www.laestrella.com.pa/panama/nacional/legislativo-forma-grupo-de-amistad-con-taiwan-respaldado-por-estados-unidos-JA25522830,laestrella.com.pa,Spanish,,2026-09-08T22:00:00+00:00,2026-10-06T21:24:22+00:00,,gdelt,titular/metadatos
Gbf092b5206,Panamax 2026 y la seguridad estratégica del Canal de Panamá,https://www.prensa.com/opinion/panamax-2026-y-la-seguridad-estrategica-del-canal-de-panama/,prensa.com,Spanish,,2026-09-07T02:15:00+00:00,2026-10-06T21:24:22+00:00,,gdelt,titular/metadatos
Gd630edf7ca,El canal de Panamá se queda sin agua,https://www.excelsior.com.mx/opinion/abel-mejia-cosenza/canal-panama-queda-sin-agua,excelsior.com.mx,Spanish,,2026-09-11T09:00:00+00:00,2026-10-06T21:24:22+00:00,,gdelt,titular/metadatos
G99208f8299,Roberto Durán :  Laguna me hizo creer que un panameño podía llegar a lo más alto  ,https://www.panamaamerica.com.pa/deportes/roberto-duran-laguna-me-hizo-creer-que-un-panameno-podia-llegar-lo-mas-alto-1266135,panamaamerica.com.pa,Spanish,,2026-09-09T05:15:00+00:00,2026-10-06T21:24:22+00:00,,gdelt,titular/metadatos
G263909ff31,"Panama Canal warns of cutting 5 ship transits a day , adding to global shipping woes",https://timesofindia.indiatimes.com/world/rest-of-world/panama-canal-warns-of-cutting-5-ship-transits-a-day-adding-to-global-shipping-woes/articleshow/133879746.cms,timesofindia.indiatimes.com,English,,2026-09-07T12:45:00+00:00,2026-10-06T21:24:22+00:00,,gdelt,titular/metadatos
G78eff98502,Sucasa Estate Developers inaugura su primera Sala de Ventas para presentar Baula Residences | La Prensa Panamá,https://www.prensa.com/notas-de-prensa/sucasa-estate-developers-inaugura-su-primera-sala-de-ventas-para-presentar-baula-residences/,prensa.com,Spanish,,2026-09-09T06:45:00+00:00,2026-10-06T21:24:22+00:00,,gdelt,titular/metadatos
G13ace14618,El estatus tributario de la ACP y una sentencia histórica,https://www.prensa.com/opinion/el-estatus-tributario-de-la-acp-y-una-sentencia-historica/,prensa.com,Spanish,,2026-09-08T07:15:00+00:00,2026-10-06T21:24:22+00:00,,gdelt,titular/metadatos
G7a79e3fd25,Erstmals leitet eine Frau den Panamakanal,https://www.finanznachrichten.de/nachrichten-2026-09/69513710-erstmals-leitet-eine-frau-den-panamakanal-016.htm,finanznachrichten.de,German,,2026-09-07T20:00:00+00:00,2026-10-06T21:24:22+00:00,,gdelt,titular/metadatos
G61734821b6,Gabriela Lineth le responde a los  haters  tras su coronación,https://www.critica.com.pa/show/gabriela-lineth-le-responde-los-haters-tras-su-coronacion-516188,critica.com.pa,Spanish,,2026-09-11T01:00:00+00:00,2026-10-06T21:24:22+00:00,,gdelt,titular/metadatos
G40a76e5351,"Hoy por hoy : PISA , la silla vacía",https://www.prensa.com/opinion/hoy-por-hoy-pisa-la-silla-vacia/,prensa.com,Spanish,,2026-09-10T06:15:00+00:00,2026-10-06T21:24:22+00:00,,gdelt,titular/metadatos
G1454ad17a8,Sismo de magnitud 3 . 3 sorprende durante la madrugada : ocurrió al noroeste de Chepo,https://www.telemetro.com/nacionales/sismo-magnitud-33-sorprende-la-madrugada-ocurrio-al-noroeste-chepo-n6091467,telemetro.com,Spanish,,2026-09-11T15:45:00+00:00,2026-10-06T21:24:22+00:00,,gdelt,titular/metadatos
G06bf5bb17d,جريدة البلاد | قناة بنما تحذر من احتمال خفض عدد عمليات العبور,https://www.albiladpress.com/news/2026/6538/finance/1018438.html,albiladpress.com,Arabic,,2026-09-07T15:45:00+00:00,2026-10-06T21:24:22+00:00,,gdelt,titular/metadatos
G4eeaddd694,Aeronave de la NASA opera desde Panamá para estudiar la atmósfera terrestre,https://www.panamaamerica.com.pa/sociedad/aeronave-de-la-nasa-opera-desde-panama-para-estudiar-la-atmosfera-terrestre-1266198,panamaamerica.com.pa,Spanish,,2026-09-10T21:15:00+00:00,2026-10-06T21:24:22+00:00,,gdelt,titular/metadatos
Gf35864fda3,Oscary 2027 : Kryzys wiary kontra walka o życie dziecka,https://www.filmweb.pl/news/Oscary+2027:+Kryzys+wiary+kontra+walka+o+%C5%BCycie+dziecka-168557,filmweb.pl,Polish,,2026-09-11T13:15:00+00:00,2026-10-06T21:24:22+00:00,,gdelt,titular/metadatos
G96aee7ce50,Panama Canal considering more cuts in transits due to El Nino,https://www.hindustantimes.com/world-news/us-news/panama-canal-considering-more-cuts-in-transits-due-to-el-nino-101788808081438.html,hindustantimes.com,English,,2026-09-07T19:30:00+00:00,2026-10-06T21:24:22+00:00,,gdelt,titular/metadatos
Gce75775a9d,  Chichero  representará a Panamá en los Goya 2027 y buscará una nominación al Óscar,https://www.diaadia.com.pa/fama/chichero-representara-panama-en-los-goya-2027-y-buscara-una-nominacion-al-oscar-791542,diaadia.com.pa,Spanish,,2026-09-10T22:45:00+00:00,2026-10-06T21:24:22+00:00,,gdelt,titular/metadatos
Gbf885970e2,Panama Canal considering more cuts in transits due to El Nino,https://www.freemalaysiatoday.com/category/business/2026/09/08/panama-canal-considering-more-cuts-in-transits-due-to-el-nino,freemalaysiatoday.com,English,,2026-09-08T02:00:00+00:00,2026-10-06T21:24:22+00:00,,gdelt,titular/metadatos
G073b1817d1,Gabriela González es la nueva Miss Universe Panamá 2026 ; gala trascurrió entre desmayos y polémicas,https://www.panamaamerica.com.pa/variedades/gabriela-gonzalez-es-la-nueva-miss-universe-panama-2026-gala-trascurrio-entre-desmayos-y,panamaamerica.com.pa,Spanish,,2026-09-07T00:45:00+00:00,2026-10-06T21:24:22+00:00,,gdelt,titular/metadatos
G08ec92f468,MINSA evalúa contratar médicos especialistas extranjeros : estas son las áreas con mayor escasez,https://www.telemetro.com/nacionales/minsa-evalua-contratar-medicos-especialistas-extranjeros-estas-son-las-areas-mayor-escasez-n6091269,telemetro.com,Spanish,,2026-09-09T20:45:00+00:00,2026-10-06T21:24:22+00:00,,gdelt,titular/metadatos
Gea94c7234d, ¡ Lluvia de medallas ! Panamá sigue ganando en los Codicader 2026,https://www.laestrella.com.pa/deportes/boxeo/lluvia-de-medallas-panama-sigue-ganando-en-los-codicader-2026-NB25530937,laestrella.com.pa,Spanish,,2026-09-09T02:15:00+00:00,2026-10-06T21:24:22+00:00,,gdelt,titular/metadatos
G2c78b4f980,Canal de Panama : la nouvelle administratrice n  écarte pas dautres restrictions de passages à cause dEl Niño - 07 / 09 / 2026 à 18 : 15,https://www.boursorama.com/actualite-economique/actualites/canal-de-panama-la-nouvelle-administratrice-n-ecarte-pas-d-autres-restrictions-de-passages-a-cause-d-el-nino-7454595cb9d12e64f31a31e69deb08f6,boursorama.com,French,,2026-09-07T18:30:00+00:00,2026-10-06T21:24:22+00:00,,gdelt,titular/metadatos
Gca1b682ff6,"Fallece Ismael Laguna , gloria del boxeo panameño e inspiración de  Manos de Piedra  Durán",https://www.elheraldo.co/deportes/2026/09/09/fallece-ismael-laguna-gloria-del-boxeo-panameno-e-inspiracion-de-manos-de-piedra-duran/,elheraldo.co,Spanish,,2026-09-09T04:30:00+00:00,2026-10-06T21:24:22+00:00,,gdelt,titular/metadatos
Gb43ae9a893,厄尔尼诺现象影响巴拿马运河竞价 货运成本飙升或持续至2027年 _ 东方财富网,https://finance.eastmoney.com/a/202609073866532720.html,finance.eastmoney.com,Chinese,,2026-09-07T06:45:00+00:00,2026-10-06T21:24:22+00:00,,gdelt,titular/metadatos
Ge14fc65ba1,"Alias Dimax , cabecilla de una oficina de cobros de Cali , está detenido en Panamá",https://www.prensa.com/judiciales/alias-dimax-cabecilla-de-una-oficina-de-cobros-de-cali-esta-detenido-en-panama/,prensa.com,Spanish,,2026-09-11T00:45:00+00:00,2026-10-06T21:24:22+00:00,,gdelt,titular/metadatos
G6a0b60d7a7,Costa Rica detiene a cuatro presuntos criminales panameños,https://www.critica.com.pa/nacional/costa-rica-detiene-cuatro-presuntos-criminales-panamenos-515937,critica.com.pa,Spanish,,2026-09-07T03:30:00+00:00,2026-10-06T21:24:22+00:00,,gdelt,titular/metadatos
Gfd6b3336bf,厄尔尼诺现象影响巴拿马运河竞价 ， 货运成本飙升或持续至2027年,https://www.yicai.com/news/103354184.html,yicai.com,Chinese,,2026-09-07T04:30:00+00:00,2026-10-06T21:24:22+00:00,,gdelt,titular/metadatos
Gf7469ab1bf,"Fallece Ismael  Tigre de Colón  Laguna , el primer campeón mundial de boxeo en Panamá , muere a los 83 años",https://www.midiario.com/deportivas/fallece-ismael-tigre-de-colon-laguna-el-primer-campeon-mundial-de-boxeo-en-panama-muere-a-los-83-anos/,midiario.com,Spanish,,2026-09-08T23:30:00+00:00,2026-10-06T21:24:22+00:00,,gdelt,titular/metadatos
G202bf1978a,Ricaurte Vásquez : las claves de su último discurso al frente del Canal,https://www.laestrella.com.pa/panama/nacional/ricaurte-vasquez-las-claves-de-su-ultimo-discurso-al-frente-del-canal-AL25485353,laestrella.com.pa,Spanish,,2026-09-07T17:30:00+00:00,2026-10-06T21:24:22+00:00,,gdelt,titular/metadatos
Gf041245b08,Pedro Heilbron revela la fórmula de Copa Airlines para crecer en la región y descarta fusiones con otras empresas,https://www.prensa.com/economia/pedro-heilbron-revela-la-formula-de-copa-airlines-para-crecer-en-la-region-y-descarta-fusiones-con-otras-empresas/,prensa.com,Spanish,,2026-09-11T00:45:00+00:00,2026-10-06T21:24:22+00:00,,gdelt,titular/metadatos
G7da6c23306,Caifanes retumbó en Panamá con un concierto legendario,https://www.critica.com.pa/show/caifanes-retumbo-en-panama-con-un-concierto-legendario-516090,critica.com.pa,Spanish,,2026-09-09T17:00:00+00:00,2026-10-06T21:24:22+00:00,,gdelt,titular/metadatos
Gf30b6ccc8b,Panamá 2030 : educar para competir con visión de Estado,https://www.prensa.com/opinion/panama-2030-educar-para-competir-con-vision-de-estado/,prensa.com,Spanish,,2026-09-10T06:15:00+00:00,2026-10-06T21:24:22+00:00,,gdelt,titular/metadatos
Gb01bc434a8,Moody : Cobre Panamá puede incidir en el grado de inversión,https://www.panamaamerica.com.pa/economia/moodys-cobre-panama-puede-incidir-en-el-grado-de-inversion-1266126,panamaamerica.com.pa,Spanish,,2026-09-09T07:00:00+00:00,2026-10-06T21:24:22+00:00,,gdelt,titular/metadatos
G1f1db749c7,Familiares de siete panameños detenidos en Cuba rechazan acciones de Camino a la Democracia,https://www.panamaamerica.com.pa/politica/familiares-de-siete-panamenos-detenidos-en-cuba-rechazan-acciones-de-camino-la-democracia,panamaamerica.com.pa,Spanish,,2026-09-10T21:15:00+00:00,2026-10-06T21:24:22+00:00,,gdelt,titular/metadatos
Ge0bad9d778,Panama Canal considering more cuts in transits due to El Nino,https://www.bssnews.net/international/422127,bssnews.net,English,,2026-09-08T05:00:00+00:00,2026-10-06T21:24:22+00:00,,gdelt,titular/metadatos
Gd087199fef,Lask y Andrade debutan en la Champions League,https://www.panamaamerica.com.pa/deportes/lask-y-andrade-debutan-en-la-champions-league-1266082,panamaamerica.com.pa,Spanish,,2026-09-08T06:45:00+00:00,2026-10-06T21:24:22+00:00,,gdelt,titular/metadatos
G648ea8a76a,Falleció el ex campeón mundial Ismael Laguna El Tigre de Colón,https://www.rpctv.com/boxeo-internacional/programas/fallecio-el-ex-campeon-mundial-ismael-laguna-el-tigre-colon-n6091157,rpctv.com,Spanish,,2026-09-09T01:00:00+00:00,2026-10-06T21:24:22+00:00,,gdelt,titular/metadatos
G6dca4ad0ae,Diputado Jorge Bloise explica la nueva Ley de Olvido Oncológico,https://www.telemetro.com/entrevistas/nacionales/diputado-jorge-bloise-explica-la-nueva-ley-olvido-oncologico-n6091327,telemetro.com,Spanish,,2026-09-10T15:00:00+00:00,2026-10-06T21:24:22+00:00,,gdelt,titular/metadatos
G13fcb199af,  Quiero poner a Panamá de referencia en lo que involucre ingeniería biomédica  ,https://www.laestrella.com.pa/vida-y-cultura/cultura/alexandra-montenegro-quiero-poner-a-panama-de-referencia-en-lo-que-involucre-ingenieria-biomedica-BC25508889,laestrella.com.pa,Spanish,,2026-09-08T07:30:00+00:00,2026-10-06T21:24:22+00:00,,gdelt,titular/metadatos
Gadff59c19b,Carta abierta a Ricaurte  Catín  Vásquez a su salida de la ACP,https://www.critica.com.pa/canasta/carta-abierta-ricaurte-catin-vasquez-su-salida-de-la-acp-515964,critica.com.pa,Spanish,,2026-09-07T22:45:00+00:00,2026-10-06T21:24:22+00:00,,gdelt,titular/metadatos
G2b04601598,Teleférico de San Miguelito tiene $103 millones en el presupuesto de 2027,https://www.prensa.com/sociedad/teleferico-de-san-miguelito-tiene-103-millones-en-el-presupuesto-de-2027/,prensa.com,Spanish,,2026-09-11T05:15:00+00:00,2026-10-06T21:24:22+00:00,,gdelt,titular/metadatos
Gd6e2fb1a25,Ilya Espino de Marotta hace historia al asumir la administración del Canal de Panamá,https://www.panamaamerica.com.pa/economia/ilya-espino-de-marotta-hace-historia-al-asumir-la-administracion-del-canal-de-panama,panamaamerica.com.pa,Spanish,,2026-09-07T16:45:00+00:00,2026-10-06T21:24:22+00:00,,gdelt,titular/metadatos
G6e727f5978,Registro Oficial de Ofensores Sexuales estará disponible en las próximas semanas,https://www.telemetro.com/nacionales/registro-oficial-ofensores-sexuales-estara-disponible-las-proximas-semanas-n6091258,telemetro.com,Spanish,,2026-09-09T19:15:00+00:00,2026-10-06T21:24:22+00:00,,gdelt,titular/metadatos
Gc99f72cc89,Panamá : Alianza Ciudadana expresa preocupación por red de espionaje estatal a organizaciones sociales,https://www.telesurtv.net/panama-alianza-ciudadana-red-espionaje/,telesurtv.net,Spanish,,2026-09-11T21:30:00+00:00,2026-10-06T21:24:22+00:00,,gdelt,titular/metadatos
G6cf5c7847e,Panamá tendrá nuevo teleférico urbano construido por Malespín,https://www.diariolibre.com/economia/negocios/2026/09/10/panama-tendra-nuevo-teleferico-urbano-construido-por-malespin/3655597,diariolibre.com,Spanish,,2026-09-11T04:15:00+00:00,2026-10-06T21:24:22+00:00,,gdelt,titular/metadatos
G51f21d4e2a,Panamá : el gran ausente en PISA 2025,https://www.prensa.com/opinion/panama-el-gran-ausente-en-pisa-2025/,prensa.com,Spanish,,2026-09-11T19:30:00+00:00,2026-10-06T21:24:22+00:00,,gdelt,titular/metadatos
G9e37de9fb6,"Canal de Panama : El Niño aggrave la sécheresse , le nombre de navires autorisés à passer encore réduit , et ce nest pas terminé … ",https://www.sudouest.fr/environnement/climat/canal-de-panama-el-nino-aggrave-la-secheresse-le-nombre-de-navires-autorises-a-passer-encore-reduit-et-ce-n-est-pas-termine-30522867.php,sudouest.fr,French,,2026-09-07T17:00:00+00:00,2026-10-06T21:24:22+00:00,,gdelt,titular/metadatos
G8c5c42b720,Dirigentes panameños denuncian presunta red de espionaje policial,https://www.hispantv.com/noticias/panama/660154/dirigentes-denuncian-red-espionaje-policial,hispantv.com,Spanish,,2026-09-10T04:00:00+00:00,2026-10-06T21:24:22+00:00,,gdelt,titular/metadatos
Geef08a78fc,Bolo Flores : Panamá no recuperará $853 millones ligados al contrato de PPC,https://www.laestrella.com.pa/panama/nacional/bolo-flores-panama-no-recuperara-853-millones-ligados-al-contrato-de-ppc-LC25501093,laestrella.com.pa,Spanish,,2026-09-07T22:00:00+00:00,2026-10-06T21:24:22+00:00,,gdelt,titular/metadatos
G0862c81ad5,Mulino recibe a la comunidad judía por el Año Nuevo 5787,https://www.critica.com.pa/nacional/mulino-recibe-la-comunidad-judia-por-el-ano-nuevo-5787-516125,critica.com.pa,Spanish,,2026-09-10T01:45:00+00:00,2026-10-06T21:24:22+00:00,,gdelt,titular/metadatos
G631264c373,Meduca presenta calendario de Escuela para Padres y Madres,https://www.panamaamerica.com.pa/sociedad/meduca-presenta-calendario-de-escuela-para-padres-y-madres-1266174,panamaamerica.com.pa,Spanish,,2026-09-10T07:00:00+00:00,2026-10-06T21:24:22+00:00,,gdelt,titular/metadatos
Gf4fd2fa44d,Navarro pide cumplir con la biodiversidad y la reforestación,https://www.panamaamerica.com.pa/sociedad/navarro-pide-cumplir-con-la-biodiversidad-y-la-reforestacion-1266127,panamaamerica.com.pa,Spanish,,2026-09-09T07:15:00+00:00,2026-10-06T21:24:22+00:00,,gdelt,titular/metadatos
Gabe5f500af,Woodruff competirá en la primera edición del  Ultimate Championship  ,https://www.critica.com.pa/deportes/woodruff-competira-en-la-primera-edicion-del-ultimate-championship-516193,critica.com.pa,Spanish,,2026-09-11T09:00:00+00:00,2026-10-06T21:24:22+00:00,,gdelt,titular/metadatos
Ge836d2b56d,Cristian Martínez se convierte en el cuarto panameño en jugar Champions League,https://www.rpctv.com/futbol/futbol-internacional/champions-league/cristian-martinez-se-convierte-el-cuarto-panameno-jugar-champions-league-n6091232,rpctv.com,Spanish,,2026-09-09T20:15:00+00:00,2026-10-06T21:24:22+00:00,,gdelt,titular/metadatos
Gebbe9d9b57,Panamá Oeste se corona en el Campeonato Nacional de Béisbol U23,https://www.panamaamerica.com.pa/deportes/panama-oeste-se-corona-en-el-campeonato-nacional-de-beisbol-u23-1266145,panamaamerica.com.pa,Spanish,,2026-09-09T21:30:00+00:00,2026-10-06T21:24:22+00:00,,gdelt,titular/metadatos
Geb6b8eb3c0,Panama City considers one - year moratorium on data centers,https://www.wjhg.com/2026/09/09/panama-city-considers-one-year-moratorium-data-centers/,wjhg.com,English,,2026-09-09T02:15:00+00:00,2026-10-06T21:24:22+00:00,,gdelt,titular/metadatos
Gfa950985c1,"Piscina de Albrook : cambios en el proyecto , pero costos se mantienen",https://www.laestrella.com.pa/panama/nacional/piscina-de-albrook-cambios-en-el-proyecto-pero-costos-se-mantienen-OC25508350,laestrella.com.pa,Spanish,,2026-09-08T07:30:00+00:00,2026-10-06T21:24:22+00:00,,gdelt,titular/metadatos
G085bc73f92,El panameño Yoel Bárcenas debuta con gol en el Iraklis 1908,https://www.panamaamerica.com.pa/deportes/el-panameno-yoel-barcenas-debuta-con-gol-en-el-iraklis-1908-1266076,panamaamerica.com.pa,Spanish,,2026-09-08T02:00:00+00:00,2026-10-06T21:24:22+00:00,,gdelt,titular/metadatos
Gdba91b4960,"La Roja en los Juegos Suramericanos : El fixture de Chile , quién será el DT y dónde ver los partidos",https://www.tvn.cl/deportes/juegos-suramericanos/la-roja-en-los-juegos-suramericanos-el-fixture-de-chile-donde-ver,tvn.cl,Spanish,,2026-09-11T00:45:00+00:00,2026-10-06T21:24:22+00:00,,gdelt,titular/metadatos
G2cb0317d54,Champions League : El PSG le ganó duelo al Slovan Bratislava en el Parque de los Príncipes,https://www.rpctv.com/futbol/futbol-internacional/champions-league/champions-league-el-psg-le-gano-duelo-al-slovan-bratislava-el-parque-los-principes-n6091284,rpctv.com,Spanish,,2026-09-10T01:00:00+00:00,2026-10-06T21:24:22+00:00,,gdelt,titular/metadatos
G55f3a37d8a,Recomendaciones sobre el futuro de la mina se entregarán al Ejecutivo este año,https://www.telemetro.com/nacionales/recomendaciones-el-futuro-la-mina-se-entregaran-al-ejecutivo-este-ano-n6091135,telemetro.com,Spanish,,2026-09-08T23:30:00+00:00,2026-10-06T21:24:22+00:00,,gdelt,titular/metadatos
Gc0ab911846,Advierten que el Fenómeno de El Niño afectará la generación de energía en las hidroeléctricas,https://www.telemetro.com/microsites-nacionales/advierten-que-el-fenomeno-el-nino-afectara-la-generacion-energia-las-hidroelectricas-n6091417,telemetro.com,Spanish,,2026-09-11T01:00:00+00:00,2026-10-06T21:24:22+00:00,,gdelt,titular/metadatos
G94d97a45bd,"Asamblea aprueba pasaporte gratis para estudiantes que representen al país en eventos deportivos , culturales y científicos",https://www.panamaamerica.com.pa/sociedad/asamblea-aprueba-pasaporte-gratis-para-estudiantes-que-representen-al-pais-en-eventos,panamaamerica.com.pa,Spanish,,2026-09-10T23:45:00+00:00,2026-10-06T21:24:22+00:00,,gdelt,titular/metadatos
G1566c2a19a, ¡ Viaje al pasado ! Diego De Obaldía llevará los Tratados Torrijos - Carter a Las Tablas,https://www.midiario.com/farandula/viaje-al-pasado-diego-de-obaldia-llevara-los-tratados-torrijos-carter-a-las-tablas/,midiario.com,Spanish,,2026-09-09T23:30:00+00:00,2026-10-06T21:24:22+00:00,,gdelt,titular/metadatos
G8c67410fe4,MEF le responde a Moody : Panamá hace lo suficiente para preservar grado de inversión,https://www.laestrella.com.pa/economia/mef-le-responde-a-moody-s-panama-hace-lo-suficiente-para-preservar-grado-de-inversion-al25596204,laestrella.com.pa,Spanish,,2026-09-11T16:00:00+00:00,2026-10-06T21:24:22+00:00,,gdelt,titular/metadatos
Gc19d131de0,Hooters closing its doors after decades in PCB,https://www.wjhg.com/2026/09/07/hooters-closing-its-doors-after-decades-pcb/,wjhg.com,English,,2026-09-07T21:45:00+00:00,2026-10-06T21:24:22+00:00,,gdelt,titular/metadatos
Gf25d416677,"Hola , Panamá : perdimos la primera coa",https://www.prensa.com/opinion/hola-panama-perdimos-la-primera-coa/,prensa.com,Spanish,,2026-09-08T07:15:00+00:00,2026-10-06T21:24:22+00:00,,gdelt,titular/metadatos
G39ba26bc01,La  economía de expatriados : un mercado con potencial para seguir creciendo en Panamá,https://www.infobae.com/panama/2026/09/08/la-economia-de-expatriados-un-mercado-con-potencial-para-seguir-creciendo-en-panama/,infobae.com,Spanish,,2026-09-08T23:30:00+00:00,2026-10-06T21:24:22+00:00,,gdelt,titular/metadatos
G419a9a950c,Diputados crean grupo con Taiwán y Mulino marca distancia,https://www.critica.com.pa/nacional/diputados-crean-grupo-con-taiwan-y-mulino-marca-distancia-516044,critica.com.pa,Spanish,,2026-09-08T20:15:00+00:00,2026-10-06T21:24:22+00:00,,gdelt,titular/metadatos
Ge931a6a230,"Gobierno no renovará el control de precios , reitera Moltó",https://www.panamaamerica.com.pa/economia/gobierno-no-renovara-el-control-de-precios-reitera-molto-1266056,panamaamerica.com.pa,Spanish,,2026-09-07T21:15:00+00:00,2026-10-06T21:24:22+00:00,,gdelt,titular/metadatos
G225c52de9e,Lurer . com | Իրաքի տարածքային ջրերում վառելիքային նավթատար է վնասվել,https://lurer.com/article/751417/am,lurer.com,Armenian,,2026-09-09T21:00:00+00:00,2026-10-06T21:24:22+00:00,,gdelt,titular/metadatos
Gee0f71da28,Roberto Durán lamenta muerte de su ídolo,https://www.critica.com.pa/deportes/roberto-duran-lamenta-muerte-de-su-idolo-516067,critica.com.pa,Spanish,,2026-09-09T09:45:00+00:00,2026-10-06T21:24:22+00:00,,gdelt,titular/metadatos
Ge106b1a74e,Movimiento de TEU en puertos de Panamá : MIT y Colón crecen ; Balboa y Cristóbal caen,https://www.laestrella.com.pa/economia/movimiento-de-teu-en-puertos-de-panama-mit-y-colon-crecen-balboa-y-cristobal-caen-KL25593966,laestrella.com.pa,Spanish,,2026-09-11T06:15:00+00:00,2026-10-06T21:24:22+00:00,,gdelt,titular/metadatos
Gf605008fa4,Mulino recibe a líderes de la Comunidad Judía en el Palacio de las Garzas,https://www.panamaamerica.com.pa/sociedad/mulino-recibe-lideres-de-la-comunidad-judia-en-el-palacio-de-las-garzas-1266154,panamaamerica.com.pa,Spanish,,2026-09-09T22:00:00+00:00,2026-10-06T21:24:22+00:00,,gdelt,titular/metadatos
G5c00c3db1f,"Luis Durango Jr ., nuevo refuerzo de Naranjeros para la LMP",https://www.expreso.com.mx/accion/beisbol/luis-durango-jr-nuevo-refuerzo-de-naranjeros-para-la-lmp/264302,expreso.com.mx,Spanish,,2026-09-11T06:45:00+00:00,2026-10-06T21:24:22+00:00,,gdelt,titular/metadatos
G34e0e21eed,"El fenómeno El Niño podría provocar inseguridad alimentaria para 16 millones de personas en América Latina , advierte el Programa Muncial de Alimentos | Mundo",https://larepublica.pe:443/mundo/2026/09/07/el-fenomeno-el-nino-podria-provocar-inseguridad-alimentaria-para-16-millones-de-personas-en-america-latina-advierte-el-programa-muncial-de-alimentos-139937,larepublica.pe,Spanish,,2026-09-07T16:15:00+00:00,2026-10-06T21:24:22+00:00,,gdelt,titular/metadatos
G901c946ee9,Panamá suspende la compra de vehículos estatales tras incumplimiento de las entidades,https://www.larepublica.co/globoeconomia/panama-suspende-la-compra-de-vehiculos-estatales-tras-incumplimiento-de-las-entidades-4477375,larepublica.co,Spanish,,2026-09-09T01:00:00+00:00,2026-10-06T21:24:22+00:00,,gdelt,titular/metadatos
G5c150ab91c,"Canal de Panamá requerirá entre 1 , 500 y 2 , 000 empleados para nuevos proyectos",https://www.prensa.com/economia/canal-de-panama-requerira-entre-1500-y-2000-empleados-para-nuevos-proyectos/,prensa.com,Spanish,,2026-09-07T21:30:00+00:00,2026-10-06T21:24:22+00:00,,gdelt,titular/metadatos
Gbd89b1d0ae,"De comprarse un casco rosado « para que las mujeres se sientan empoderadas », a ser la primera al mando del Canal de Panamá",https://www.lavozdegalicia.es/noticia/somosmar/2026/09/08/comprarse-casco-rosado-mujeres-sientan-empoderadas-primera-mando-canal-panama/00031788854518927344619.htm,lavozdegalicia.es,Spanish,,2026-09-08T13:00:00+00:00,2026-10-06T21:24:22+00:00,,gdelt,titular/metadatos
G7edbf914e5,В территориальных водах Ирака атакован танкер с мазутом,https://aif.ru/incidents/v-territorialnyh-vodah-iraka-atakovan-tanker-s-mazutom,aif.ru,Russian,,2026-09-10T11:15:00+00:00,2026-10-06T21:24:22+00:00,,gdelt,titular/metadatos
Gd0d6cc2408,Miguel Antonio Lorenzo Fábrega es designado como nuevo subadministrador del Canal de Panamá,https://www.panamaamerica.com.pa/sociedad/miguel-antonio-lorenzo-fabrega-es-designado-como-nuevo-subadministrador-del-canal-de-panama,panamaamerica.com.pa,Spanish,,2026-09-11T01:00:00+00:00,2026-10-06T21:24:22+00:00,,gdelt,titular/metadatos
G4cf283f473,Panama Kanalında El Nino alarmı : Yeni kısıtlamalar gelebilir - Dünya Haberleri CNN TÜRK,https://www.cnnturk.com/dunya/panama-kanalinda-el-nino-alarmi-yeni-kisitlamalar-gelebilir-3463974,cnnturk.com,Turkish,,2026-09-07T16:15:00+00:00,2026-10-06T21:24:22+00:00,,gdelt,titular/metadatos
Gd4d395ef7c,Festival Ícaro Panamá lleva el cine centroamericano a siete ciudades del interior del país,https://www.telemetro.com/entretenimiento/festival-icaro-panama-lleva-el-cine-centroamericano-siete-ciudades-del-interior-del-pais-n6091018,telemetro.com,Spanish,,2026-09-07T17:30:00+00:00,2026-10-06T21:24:22+00:00,,gdelt,titular/metadatos
G676c9acdbf,Panamá presenta a su selección nacional de ciclismo para los Juegos Suramericanos Santa Fe 2026,https://www.diaadia.com.pa/deportes/panama-presenta-su-seleccion-nacional-de-ciclismo-para-los-juegos-suramericanos-santa-fe,diaadia.com.pa,Spanish,,2026-09-10T22:45:00+00:00,2026-10-06T21:24:22+00:00,,gdelt,titular/metadatos
Gf848e4f696,En Veraguas exhiben más de 100 polleras antiguas y centenarias,https://www.critica.com.pa/nacional/en-veraguas-exhiben-mas-de-100-polleras-antiguas-y-centenarias-516124,critica.com.pa,Spanish,,2026-09-10T01:45:00+00:00,2026-10-06T21:24:22+00:00,,gdelt,titular/metadatos
G4a2e8d97fd,Антитренды зимних аксессуаров 2026 - какие вещи вышли из моды и чем их заменить,https://24tv.ua/lady24/ru/antitrendy-zimnih-aksessuarov-2026-kakie-veshhi-vyshli-iz-mody_n3138503,24tv.ua,Russian,,2026-09-10T11:15:00+00:00,2026-10-06T21:24:22+00:00,,gdelt,titular/metadatos
G4c0a04cccb," ¿ Cuánto ha destinado Panamá en subsidios eléctricos ? La cifra se acerca a los $3 , 300 millones desde 2004",https://www.prensa.com/economia/cuanto-ha-destinado-panama-en-subsidios-electricos-la-cifra-se-acerca-a-los-3300-millones-desde-2004/,prensa.com,Spanish,,2026-09-10T06:15:00+00:00,2026-10-06T21:24:22+00:00,,gdelt,titular/metadatos
G0eeee0d21c,"Servicio 24 / 7 se apaga en Panamá : Inseguridad , costos y  app debilitan la actividad comercial nocturna",https://www.panamaamerica.com.pa/economia/servicio-247-se-apaga-en-panama-inseguridad-costos-y-apps-debilitan-la-actividad-comercial,panamaamerica.com.pa,Spanish,,2026-09-07T07:00:00+00:00,2026-10-06T21:24:22+00:00,,gdelt,titular/metadatos
G64e915d207,Casi lista propuesta que reduce el internado médico de dos años a uno en Panamá,https://www.panamaamerica.com.pa/sociedad/casi-lista-propuesta-que-reduce-el-internado-medico-de-dos-anos-uno-en-panama-1266161,panamaamerica.com.pa,Spanish,,2026-09-10T21:15:00+00:00,2026-10-06T21:24:22+00:00,,gdelt,titular/metadatos
G4a067201d9,"Movimiento de contenedores TEU en Balboa , Cristóbal y Bocas Fruit se desploma ; MIT , Colón y PSA crecen",https://www.laestrella.com.pa/economia/movimiento-de-contenedores-teu-en-balboa-cristobal-y-bocas-fruit-se-desploma-mit-colon-y-psa-crecen-KK25584439,laestrella.com.pa,Spanish,,2026-09-10T21:15:00+00:00,2026-10-06T21:24:22+00:00,,gdelt,titular/metadatos
G7511fd7339,Luis Durango Jr . lleva su velocidad a los Naranjeros de Hermosillo,https://www.rpctv.com/beisbol/luis-durango-jr-lleva-su-velocidad-los-naranjeros-hermosillo-n6091460,rpctv.com,Spanish,,2026-09-11T19:00:00+00:00,2026-10-06T21:24:22+00:00,,gdelt,titular/metadatos
G546f693abe,Buque interceptado y en custodia de Venezuela izaba bandera panameña,https://www.laestrella.com.pa/mundo/buque-interceptado-y-en-custodia-de-venezuela-izaba-bandera-panamena-HI13823352,laestrella.com.pa,Spanish,,2026-09-09T02:15:00+00:00,2026-10-06T21:24:22+00:00,,gdelt,titular/metadatos
Gb62ef7e3e4,Debut agridulce : Blackman y Cristian Martínez sufren goleada ante el PSG,https://www.laestrella.com.pa/deportes/futbol/debut-agridulce-blackman-y-cristian-martinez-sufren-goleada-ante-el-psg-CE25560299,laestrella.com.pa,Spanish,,2026-09-10T02:00:00+00:00,2026-10-06T21:24:22+00:00,,gdelt,titular/metadatos
G3c04b27152,"Fundraiser at Handel raises $1 , 800+ to replace or repair Independence HS band equipment",https://bakersfieldnow.com/news/local/fundraiser-at-handels-raises-1800-to-replace-or-repair-independence-hs-band-equipment-kern-county-california-bakersfield,bakersfieldnow.com,English,,2026-09-10T00:00:00+00:00,2026-10-06T21:24:22+00:00,,gdelt,titular/metadatos
G388368ae03,Gobierno presenta el Proyecto de Ley 10 - 26 para reformar el marco regulatorio del servicio eléctrico en Panamá,https://www.panamaamerica.com.pa/sociedad/gobierno-presenta-el-proyecto-de-ley-10-26-para-reformar-el-marco-regulatorio-del-servicio,panamaamerica.com.pa,Spanish,,2026-09-08T02:00:00+00:00,2026-10-06T21:24:22+00:00,,gdelt,titular/metadatos
G2a94e32971,Médicos extranjeros en Panamá : ¿ por qué el Gobierno los busca mientras faltan plazas para formar especialistas ? ,https://www.laestrella.com.pa/panama/nacional/medicos-extranjeros-en-panama-por-que-el-gobierno-los-busca-mientras-faltan-plazas-para-formar-especialistas-BH25552157,laestrella.com.pa,Spanish,,2026-09-10T02:00:00+00:00,2026-10-06T21:24:22+00:00,,gdelt,titular/metadatos
G4466574c3a,Metro contempla expansión y evaluación tarifarias,https://www.laestrella.com.pa/panama/nacional/metro-contempla-expansion-y-evaluacion-tarifarias-GL25594046,laestrella.com.pa,Spanish,,2026-09-11T06:15:00+00:00,2026-10-06T21:24:22+00:00,,gdelt,titular/metadatos
G8fa8365869,Apuestan por ley de pasantías para facilitar inserción de jóvenes en el mercado laboral,https://www.panamaamerica.com.pa/economia/apuestan-por-ley-de-pasantias-para-facilitar-insercion-de-jovenes-en-el-mercado-laboral,panamaamerica.com.pa,Spanish,,2026-09-09T07:00:00+00:00,2026-10-06T21:24:22+00:00,,gdelt,titular/metadatos
G8524c3e110,Panama City to shut down flock cameras,https://www.wjhg.com/2026/09/09/panama-city-shut-down-flock-cameras/,wjhg.com,English,,2026-09-09T02:15:00+00:00,2026-10-06T21:24:22+00:00,,gdelt,titular/metadatos
G74fef2f3a5,Τάνκερ ελληνικών συμφερόντων χτυπήθηκε από drone στα ιρακινά χωρικά ύδατα,https://www.inewsgr.com/184/tanker-ellinikon-symferonton-chtypithike-apo-drone-sta-irakina-chorika-ydata.htm,inewsgr.com,Greek,,2026-09-09T12:00:00+00:00,2026-10-06T21:24:22+00:00,,gdelt,titular/metadatos
Gede7f63066,El desmayo de Miss Universe Panamá preocupa durante la gala : ¿ cómo sigue ? ,https://hoy.com.do/vivir/desmayo-miss-universe-panama-preocupa-gala-sigue_1101697.html,hoy.com.do,Spanish,,2026-09-08T19:00:00+00:00,2026-10-06T21:24:22+00:00,,gdelt,titular/metadatos
Ga2ea4c1b18,La reforma impostergable : reducir la Asamblea Nacional mediante una Constituyente,https://www.prensa.com/opinion/la-reforma-impostergable-reducir-la-asamblea-nacional-mediante-una-constituyente/,prensa.com,Spanish,,2026-09-11T05:15:00+00:00,2026-10-06T21:24:22+00:00,,gdelt,titular/metadatos
Gd3a979de83,La crisis ambiental más allá de los ríos,https://www.prensa.com/opinion/la-crisis-ambiental-mas-alla-de-los-rios/,prensa.com,Spanish,,2026-09-11T05:15:00+00:00,2026-10-06T21:24:22+00:00,,gdelt,titular/metadatos
G63de473075,Lluvias y tormentas : SINAPROC mantiene aviso de prevención hasta el viernes 11 de septiembre,https://www.telemetro.com/nacionales/lluvias-y-tormentas-sinaproc-mantiene-aviso-prevencion-el-viernes-11-septiembre-n6091170,telemetro.com,Spanish,,2026-09-08T23:00:00+00:00,2026-10-06T21:24:22+00:00,,gdelt,titular/metadatos
Gd61c991022,Museo del Canal celebra 29 años con jornada de Puertas Abiertas,https://www.telemetro.com/nacionales/museo-del-canal-celebra-29-anos-jornada-puertas-abiertas-n6091158,telemetro.com,Spanish,,2026-09-08T23:00:00+00:00,2026-10-06T21:24:22+00:00,,gdelt,titular/metadatos
G2ba498d58e,"Before she loved Lucy , did a North Dakota actress escape a sex - trafficking ring in Panama ? ",https://www.postbulletin.com/news/the-vault/before-she-loved-lucy-did-a-north-dakota-actress-escape-a-sex-trafficking-ring-in-panama,postbulletin.com,English,,2026-09-08T18:45:00+00:00,2026-10-06T21:24:22+00:00,,gdelt,titular/metadatos
Gb4e700e48b,La FPF anuncia la contratación de Pedro Morilla Pineda como entrenador de las selecciones juveniles,https://www.rpctv.com/marea-roja/la-fpf-anuncia-la-contratacion-pedro-morilla-pineda-como-entrenador-las-selecciones-juveniles-n6091166,rpctv.com,Spanish,,2026-09-09T01:00:00+00:00,2026-10-06T21:24:22+00:00,,gdelt,titular/metadatos
G69d39a47ea,Asamblea de Panamá crea grupo de intercambio con Parlamento de Taiwán,https://larazon.pe/asamblea-de-panama-crea-grupo-de-intercambio-con-parlamento-de-taiwan/,larazon.pe,Spanish,,2026-09-09T18:45:00+00:00,2026-10-06T21:24:22+00:00,,gdelt,titular/metadatos
Ge1f9ec9446,Una investigación cuestiona ocho centros de datos de IA proyectados en España y Panamá,https://kaosenlared.net/una-investigacion-cuestiona-ocho-centros-de-datos-de-ia-proyectados-en-espana-y-panama/,kaosenlared.net,Spanish,,2026-09-09T10:15:00+00:00,2026-10-06T21:24:22+00:00,,gdelt,titular/metadatos
G2310226f7c,Policía Nacional decomisa siete sacos con presunta droga en un puerto del Atlántico,https://www.midiario.com/policiales/policia-nacional-decomisa-siete-sacos-con-presunta-droga-en-un-puerto-del-atlantico/,midiario.com,Spanish,,2026-09-08T23:30:00+00:00,2026-10-06T21:24:22+00:00,,gdelt,titular/metadatos
G37645abe43,La amarga carta de despedida del navegante Marichalar a Catín Vásquez,https://www.panamaamerica.com.pa/sociedad/la-amarga-carta-de-despedida-del-navegante-marichalar-catin-vasquez-1266054,panamaamerica.com.pa,Spanish,,2026-09-07T21:15:00+00:00,2026-10-06T21:24:22+00:00,,gdelt,titular/metadatos
G0ad77d2138,La amarga carta de despedida del navegante Marichalar a Catín Vásquez,https://www.panamaamerica.com.pa/sociedad/la-amarga-carta-de-despedida-del-navegante-marichalar-catin-vasquez-1266055,panamaamerica.com.pa,Spanish,,2026-09-07T21:15:00+00:00,2026-10-06T21:24:22+00:00,,gdelt,titular/metadatos
G1dc213c1ae,Impactan buque con bandera panameña en aguas de Irak,https://www.prensa.com/politica/impactan-buque-con-bandera-panamena-en-aguas-de-irak/,prensa.com,Spanish,,2026-09-09T15:30:00+00:00,2026-10-06T21:24:22+00:00,,gdelt,titular/metadatos
Gc2650380d5,Proyecto de ley que dicta el presupuesto del Canal de Panamá pasa a tercer debate,https://www.telemetro.com/nacionales/proyecto-ley-que-dicta-el-presupuesto-del-canal-panama-pasa-tercer-debate-n6092955,telemetro.com,Spanish,,2026-09-25T07:15:00+00:00,2026-10-06T21:24:22+00:00,,gdelt,titular/metadatos
G0954e05695,Aprueban en segundo debate presupuesto del Canal de Panamá,https://www.prensa.com/economia/aprueban-en-segundo-debate-presupuesto-del-canal-de-panama/,prensa.com,Spanish,,2026-09-24T22:00:00+00:00,2026-10-06T21:24:22+00:00,,gdelt,titular/metadatos
G1bd444aaf4,Discurso del presidente Mulino ante la ONU : Panamá pide el cese de las guerras y defiende el diálogo,https://www.telemetro.com/nacionales/discurso-del-presidente-mulino-la-onu-panama-pide-el-cese-las-guerras-y-defiende-el-dialogo-n6092775,telemetro.com,Spanish,,2026-09-23T22:00:00+00:00,2026-10-06T21:24:22+00:00,,gdelt,titular/metadatos
G5c427b5f45,Panamá pide apoyo a la ONU para construir un embalse que garantice la operación del Canal,https://www.hsbnoticias.com/panama-pide-apoyo-a-la-onu-para-construir-un-embalse-que-garantice-la-operacion-del-canal/,hsbnoticias.com,Spanish,,2026-09-24T01:45:00+00:00,2026-10-06T21:24:22+00:00,,gdelt,titular/metadatos
G3bf5b0cc00,Blackstone y SSA Marine muestran interés en nuevas inversiones en Panamá,https://www.telemetro.com/nacionales/blackstone-y-ssa-marine-muestran-interes-nuevas-inversiones-panama-n6092809,telemetro.com,Spanish,,2026-09-24T03:15:00+00:00,2026-10-06T21:24:22+00:00,,gdelt,titular/metadatos
G028b12b8c3,"Panamá fortalece cooperación con Ghana , Trinidad y Tobago y Ucrania",https://www.telemetro.com/nacionales/panama-fortalece-cooperacion-ghana-trinidad-y-tobago-y-ucrania-n6092789,telemetro.com,Spanish,,2026-09-23T22:00:00+00:00,2026-10-06T21:24:22+00:00,,gdelt,titular/metadatos
Ga5ae694e2d,Diputados aprueban en segundo debate el presupuesto del Canal de Panamá,https://www.laestrella.com.pa/panama/politica/diputados-aprueban-en-segundo-debate-el-presupuesto-del-canal-de-panama-BI25964225,laestrella.com.pa,Spanish,,2026-09-24T23:00:00+00:00,2026-10-06T21:24:22+00:00,,gdelt,titular/metadatos
G6c43d73a75,The First Floating Nuclear Power Station,https://hackaday.com/2026/09/21/the-first-floating-nuclear-power-station/,hackaday.com,English,,2026-09-21T22:15:00+00:00,2026-10-06T21:24:22+00:00,,gdelt,titular/metadatos
G6bb067d8e5,Canal de Panamá pospone restricciones de calado gracias a las lluvias,https://www.panamaamerica.com.pa/canal-de-panama-pospone-restricciones-de-calado-gracias-las-lluvias-1266715,panamaamerica.com.pa,Spanish,,2026-09-25T01:00:00+00:00,2026-10-06T21:24:22+00:00,,gdelt,titular/metadatos
G2cfe07cea2,Andrii Sybiha held a meeting with Minister of Foreign Affairs of the Republic of Panama Javier Martínez - Acha,https://www.globalsecurity.org/wmd/library/news/ukraine/2026/09/ukraine-260921-ukraine-mfa03.htm,globalsecurity.org,English,,2026-09-22T14:45:00+00:00,2026-10-06T21:24:22+00:00,,gdelt,titular/metadatos
Ged6c1150bf,How the Panama Canal became a 50 - mile waterway with a $5 million ticket price,https://www.livemint.com/global/how-the-panama-canal-became-a-50-mile-waterway-with-a-5-million-ticket-price-11790211061962.html,livemint.com,English,,2026-09-24T03:30:00+00:00,2026-10-06T21:24:22+00:00,,gdelt,titular/metadatos
G4a9f924f54,Panama Canal Investment Plan Pitched to New York Investors,https://www.riotimesonline.com/panama-canal-investment-mulino-new-york-citi-2026/,riotimesonline.com,English,,2026-09-22T11:00:00+00:00,2026-10-06T21:24:22+00:00,,gdelt,titular/metadatos
Gd153bf1184,"Surinam pone la mira en Panamá para impulsar energía , comercio e inversiones",https://www.critica.com.pa/nacional/surinam-pone-la-mira-en-panama-para-impulsar-energia-comercio-e-inversiones-516984,critica.com.pa,Spanish,,2026-09-25T05:15:00+00:00,2026-10-06T21:24:22+00:00,,gdelt,titular/metadatos
G226d8217c0,S & P ratifica el grado de inversión de Panamá en BBB - y mantiene perspectiva estable,https://www.prensa.com/economia/sp-ratifica-el-grado-de-inversion-de-panama-en-bbb-y-mantiene-perspectiva-estable/,prensa.com,Spanish,,2026-09-23T07:45:00+00:00,2026-10-06T21:24:22+00:00,,gdelt,titular/metadatos
G061046e8e9,Las claves del mensaje de Mulino ante la Asamblea General de la ONU,https://www.laestrella.com.pa/mundo/america/las-claves-del-mensaje-de-mulino-ante-la-asamblea-general-de-la-onu-CM25925315,laestrella.com.pa,Spanish,,2026-09-23T23:45:00+00:00,2026-10-06T21:24:22+00:00,,gdelt,titular/metadatos
G11b756ff2a,"S & P ratifica grado de inversión de Panamá en BBB - y mantiene perspectiva estable , dice el MEF",https://www.laestrella.com.pa/economia/sp-ratifica-grado-de-inversion-de-panama-en-bbb-y-mantiene-perspectiva-estable-dice-el-mef-AO25907968,laestrella.com.pa,Spanish,,2026-09-23T04:45:00+00:00,2026-10-06T21:24:22+00:00,,gdelt,titular/metadatos
G1b46030073,S & P Global ratifica grado de inversión de Panamá,https://www.panamaamerica.com.pa/nacion/sp-global-ratifica-grado-de-inversion-de-panama-1266643,panamaamerica.com.pa,Spanish,,2026-09-23T05:45:00+00:00,2026-10-06T21:24:22+00:00,,gdelt,titular/metadatos
Gfcc9bcdd7d,"Mulino y Sánchez conversan sobre Río Indio , nuevos puertos y cooperación bilateral",https://www.laestrella.com.pa/mundo/america/mulino-y-sanchez-conversan-sobre-rio-indio-nuevos-puertos-y-cooperacion-bilateral-KG25895294,laestrella.com.pa,Spanish,,2026-09-22T19:45:00+00:00,2026-10-06T21:24:22+00:00,,gdelt,titular/metadatos
Gad8fbfd930,全球海运费迎来新一轮跳涨 ： 同比升201 % 美东线破1万美元 _ 东方财富网,https://finance.eastmoney.com/a/202609223881467683.html,finance.eastmoney.com,Chinese,,2026-09-23T01:00:00+00:00,2026-10-06T21:24:22+00:00,,gdelt,titular/metadatos
Ga771a3fc84,La calificadora S & P ratifica a Panamá el grado de inversión BBB - con perspectiva estable,https://www.diaadia.com.pa/el-pais/la-calificadora-sp-ratifica-panama-el-grado-de-inversion-bbb-con-perspectiva-estable-791715,diaadia.com.pa,Spanish,,2026-09-23T22:00:00+00:00,2026-10-06T21:24:22+00:00,,gdelt,titular/metadatos
G7646962762,Canal de Panamá evita nuevas restricciones y mantendrá 32 tránsitos hasta diciembre,https://www.laestrella.com.pa/economia/canal-de-panama-evita-nuevas-restricciones-y-mantendra-32-transitos-hasta-diciembre-FI25969491,laestrella.com.pa,Spanish,,2026-09-25T08:15:00+00:00,2026-10-06T21:24:22+00:00,,gdelt,titular/metadatos
Gf0a37622c1,Panamá y el mundo : las noticias más destacadas de este 23 de septiembre,https://www.laestrella.com.pa/panama/nacional/panama-y-el-mundo-las-noticias-mas-destacadas-de-este-23-de-septiembre-IN25937681,laestrella.com.pa,Spanish,,2026-09-24T19:30:00+00:00,2026-10-06T21:24:22+00:00,,gdelt,titular/metadatos
Gaf08531da0,Presidente de España reitera importancia de Panamá en el bloque de Iberoamérica tras encuentro con Mulino,https://www.diaadia.com.pa/el-pais/presidente-de-espana-reitera-importancia-de-panama-en-el-bloque-de-iberoamerica-tras,diaadia.com.pa,Spanish,,2026-09-22T23:00:00+00:00,2026-10-06T21:24:22+00:00,,gdelt,titular/metadatos
G71f5a9b869,Panamá mantiene calificación BBB - mientras S & P proyecta crecimiento de 4 . 5 % ,https://www.critica.com.pa/nacional/panama-mantiene-calificacion-bbb-mientras-sp-proyecta-crecimiento-de-45-516847,critica.com.pa,Spanish,,2026-09-23T04:00:00+00:00,2026-10-06T21:24:22+00:00,,gdelt,titular/metadatos
Ga130a4a352,Hace 49 años,https://www.prensa.com/opinion/hace-49-anos/,prensa.com,Spanish,,2026-09-25T07:15:00+00:00,2026-10-06T21:24:22+00:00,,gdelt,titular/metadatos
Ge66946f286,Mulino se reúne en Nueva York con Blackstone y SSA Marine para impulsar inversiones en el Canal,https://www.panamaamerica.com.pa/economia/mulino-se-reune-en-nueva-york-con-blackstone-y-ssa-marine-para-impulsar-inversiones-en-el,panamaamerica.com.pa,Spanish,,2026-09-24T01:45:00+00:00,2026-10-06T21:24:22+00:00,,gdelt,titular/metadatos
G86770536bf,Mulino confirma encuentro en Panamá con líderes mundiales de energía y logística,https://www.diaadia.com.pa/el-pais/mulino-confirma-encuentro-en-panama-con-lideres-mundiales-de-energia-y-logistica-791717,diaadia.com.pa,Spanish,,2026-09-23T22:00:00+00:00,2026-10-06T21:24:22+00:00,,gdelt,titular/metadatos
G704527b6f2,Mulino confirma encuentro en Panamá con líderes mundiales de energía y logística,https://www.diaadia.com.pa/el-pais/mulino-confirma-encuentro-en-panama-con-lideres-mundiales-de-energia-y-logistica-791716,diaadia.com.pa,Spanish,,2026-09-24T07:45:00+00:00,2026-10-06T21:24:22+00:00,,gdelt,titular/metadatos
Gcfc384f158,Mulino pide una ONU  que funcione mejor  y reclama mayor peso para América Latina,https://www.midiario.com/nacionales/mulino-pide-una-onu-que-funcione-mejor-y-reclama-mayor-peso-para-america-latina/,midiario.com,Spanish,,2026-09-23T21:15:00+00:00,2026-10-06T21:24:22+00:00,,gdelt,titular/metadatos
G974fee5ac1,Las razones y advertencias de S & P para mantener el grado de inversión a Panamá,https://www.prensa.com/economia/las-razones-y-advertencias-de-sp-para-mantener-el-grado-de-inversion-a-panama/,prensa.com,Spanish,,2026-09-23T19:45:00+00:00,2026-10-06T21:24:22+00:00,,gdelt,titular/metadatos
G5003d58071,Mulino frente a banqueros : No soy populista ... Estamos poniendo la casa en orden,https://www.critica.com.pa/nacional/mulino-frente-banqueros-no-soy-populistaestamos-poniendo-la-casa-en-orden-516931,critica.com.pa,Spanish,,2026-09-24T23:15:00+00:00,2026-10-06T21:24:22+00:00,,gdelt,titular/metadatos
Gfd8a8f153e,Lluvias dan un respiro al Canal : mantendría 48 pies y 32 tránsitos,https://www.critica.com.pa/nacional/lluvias-dan-un-respiro-al-canal-mantendria-48-pies-y-32-transitos-516962,critica.com.pa,Spanish,,2026-09-25T00:45:00+00:00,2026-10-06T21:24:22+00:00,,gdelt,titular/metadatos
G1034b6f14e,Nathalee Aranda conquista el primer oro de Panamá en Santa Fe 2026,https://www.prensa.com/deportes/nathalee-aranda-conquista-el-primer-oro-de-panama-en-santa-fe-2026/,prensa.com,Spanish,,2026-09-23T03:30:00+00:00,2026-10-06T21:24:22+00:00,,gdelt,titular/metadatos
Gd7cec51566, ¡ Oro para Panamá ! Nathalee Aranda domina el salto de longitud en Santa Fe,https://www.midiario.com/deportivas/oro-para-panama-nathalee-aranda-domina-el-salto-de-longitud-en-santa-fe/,midiario.com,Spanish,,2026-09-23T02:15:00+00:00,2026-10-06T21:24:22+00:00,,gdelt,titular/metadatos
Gac1db24478,"Inversiones :  En España , hay mucho interés por Panamá , asegura Moltó",https://www.laestrella.com.pa/economia/inversiones-en-espana-hay-mucho-interes-por-panama-asegura-molto-BI25873323,laestrella.com.pa,Spanish,,2026-09-22T00:30:00+00:00,2026-10-06T21:24:22+00:00,,gdelt,titular/metadatos
Gddc7b51c4b,Consorcios Blackstone y SSA Marine ponen la mira en nuevos puertos panameños y proyectos en el Canal,https://www.prensa.com/economia/consorcios-blackstone-y-ssa-marine-ponen-la-mira-en-nuevos-puertos-panamenos-y-proyectos-en-el-canal/,prensa.com,Spanish,,2026-09-24T03:30:00+00:00,2026-10-06T21:24:22+00:00,,gdelt,titular/metadatos
Gf480b28291,Foro de Columbia University resalta la visión de Mulino y la competitividad logística de Panamá,https://www.panamaamerica.com.pa/sociedad/foro-de-columbia-university-resalta-la-vision-de-mulino-y-la-competitividad-logistica-de,panamaamerica.com.pa,Spanish,,2026-09-23T01:15:00+00:00,2026-10-06T21:24:22+00:00,,gdelt,titular/metadatos
Ga0369c0666,Milei threatens at UN that Argentina will take  matters into our own hand on Falklands,https://freerepublic.com/focus/f-news/4396645/posts,freerepublic.com,English,,2026-09-23T23:00:00+00:00,2026-10-06T21:24:22+00:00,,gdelt,titular/metadatos
G9a50c35a08,"Megaproyectos , deuda y financiamiento por $3 , 000 millones : la agenda de Mulino en Nueva York",https://www.prensa.com/economia/megaproyectos-deuda-y-financiamiento-por-3000-millones-la-agenda-de-mulino-en-nueva-york/,prensa.com,Spanish,,2026-09-24T22:00:00+00:00,2026-10-06T21:24:22+00:00,,gdelt,titular/metadatos
G9fdc427273,Panamá pide apoyo a la ONU para construir un embalse que garantice la operación del Canal,https://www.noticiasrcn.com/internacional/panama-pide-apoyo-a-la-onu-para-construir-un-embalse-que-garantice-la-operacion-del-canal-1064292,noticiasrcn.com,Spanish,,2026-09-24T00:30:00+00:00,2026-10-06T21:24:22+00:00,,gdelt,titular/metadatos
Gd99fcca8af,Mulino busca atraer inversión internacional durante encuentro financiero en Nueva York,https://www.laestrella.com.pa/economia/mulino-busca-atraer-inversion-internacional-durante-encuentro-financiero-en-nueva-york-DL25950003,laestrella.com.pa,Spanish,,2026-09-24T18:45:00+00:00,2026-10-06T21:24:22+00:00,,gdelt,titular/metadatos
Gac603a8acb,  Across the Pacific : A Pulpy Adventure at Sea,https://www.theepochtimes.com/bright/across-the-pacific-a-pulpy-adventure-at-sea-6090735,theepochtimes.com,English,,2026-09-22T02:15:00+00:00,2026-10-06T21:24:22+00:00,,gdelt,titular/metadatos
G6978af7e9d,"El cobre bate récords , pero la gigantesca mina de Panamá sigue cerrada : ¿ por qué ? ",https://actualidad.rt.com/actualidad/629007-cobre-bate-records-gigantesca-mina-panama,actualidad.rt.com,Spanish,,2026-09-23T19:45:00+00:00,2026-10-06T21:24:22+00:00,,gdelt,titular/metadatos
G58c9a13557,En IMÁGENES : concentración en Plaza Venezuela exige que se permita el regreso de María Corina Machado,https://lapatilla.com/2026/09/24/en-imagenes-concentracion-en-plaza-venezuela-exige-que-se-permita-el-regreso-de-maria-corina-machado/,lapatilla.com,Spanish,,2026-09-24T22:00:00+00:00,2026-10-06T21:24:22+00:00,,gdelt,titular/metadatos
G100ee3b6fc,Mulino pide a la ONU recuperar la confianza y el liderazgo en pro de la paz y prosperidad del mundo,https://www.diaadia.com.pa/el-pais/mulino-pide-la-onu-recuperar-la-confianza-y-el-liderazgo-en-pro-de-la-paz-y-prosperidad-del,diaadia.com.pa,Spanish,,2026-09-23T22:00:00+00:00,2026-10-06T21:24:22+00:00,,gdelt,titular/metadatos
G5049232a64,Comisión Europea destaca avances para salir de la lista fiscal,https://www.critica.com.pa/nacional/comision-europea-destaca-avances-para-salir-de-la-lista-fiscal-516838,critica.com.pa,Spanish,,2026-09-23T00:30:00+00:00,2026-10-06T21:24:22+00:00,,gdelt,titular/metadatos
Ga344cba3a0,Cuarto Puente sobre el Canal alcanza 41 % de avance y prepara su fase más visible,https://www.midiario.com/nacionales/cuarto-puente-sobre-el-canal-alcanza-41-de-avance-y-prepara-su-fase-mas-visible/,midiario.com,Spanish,,2026-09-24T20:30:00+00:00,2026-10-06T21:24:22+00:00,,gdelt,titular/metadatos
Gba7c62e839,ABC expone las trabas que impiden retorno de Machado a Venezuela,https://talcualdigital.com/vetos-aereos-y-fallas-imprevistas-torpedean-retorno-de-machado/,talcualdigital.com,Spanish,,2026-09-23T06:45:00+00:00,2026-10-06T21:24:22+00:00,,gdelt,titular/metadatos
Gd1656aaccd,"Panamá , entre dos desconfianzas",https://www.prensa.com/opinion/panama-entre-dos-desconfianzas/,prensa.com,Spanish,,2026-09-24T07:45:00+00:00,2026-10-06T21:24:22+00:00,,gdelt,titular/metadatos
Gb410e48e84,Panamá plantea una relación CELAC - UE basada en resultados concretos y cooperación,https://www.panamaamerica.com.pa/politica/panama-plantea-una-relacion-celac-ue-basada-en-resultados-concretos-y-cooperacion-1266651,panamaamerica.com.pa,Spanish,,2026-09-23T18:15:00+00:00,2026-10-06T21:24:22+00:00,,gdelt,titular/metadatos
Gaa7ad9ed4e,Los siete intentos fallidos de Maria Corina Machado por regresar a Venezuela : medios relatan las travesías frustradas,https://www.eltiempo.com/mundo/venezuela/los-siete-intentos-fallidos-de-maria-corina-machado-por-regresar-a-venezuela-medios-relatan-las-travesias-frustradas-3588160,eltiempo.com,Spanish,,2026-09-23T04:30:00+00:00,2026-10-06T21:24:22+00:00,,gdelt,titular/metadatos
G280e2aabb0,Mulino sugiere una ONU más práctica y menos teórica,https://www.panamaamerica.com.pa/politica/mulino-sugiere-una-onu-mas-practica-y-menos-teorica-1266671,panamaamerica.com.pa,Spanish,,2026-09-24T07:45:00+00:00,2026-10-06T21:24:22+00:00,,gdelt,titular/metadatos
G329d389f41,Mulino exige una ONU más práctica y menos teórica,https://www.panamaamerica.com.pa/politica/mulino-exige-una-onu-mas-practica-y-menos-teorica-1266671,panamaamerica.com.pa,Spanish,,2026-09-24T05:45:00+00:00,2026-10-06T21:24:22+00:00,,gdelt,titular/metadatos
Gcf3e5c3584,S & P ratifica a Panamá el grado de inversión BBB - con perspectiva estable,https://www.revistaeyn.com/centroamericaymundo/sp-ratifica-a-panama-el-grado-de-inversion-bbb-con-perspectiva-estable-BB32118977,revistaeyn.com,Spanish,,2026-09-23T20:00:00+00:00,2026-10-06T21:24:22+00:00,,gdelt,titular/metadatos
Gde02b99a65,  PANA  busca sumar 46 mil firmas para convertirse en partido político,https://www.critica.com.pa/nacional/pana-busca-sumar-46-mil-firmas-para-convertirse-en-partido-politico-516798,critica.com.pa,Spanish,,2026-09-22T05:30:00+00:00,2026-10-06T21:24:22+00:00,,gdelt,titular/metadatos
Ga61fbb5de3,Mulino ante la ONU : cuestiona a la institución y reclama un multilateralismo con resultados concretos,https://www.laestrella.com.pa/mundo/america/mulino-ante-la-onu-cuestiona-a-la-institucion-y-reclama-un-multilateralismo-con-resultados-concretos-LM25923877,laestrella.com.pa,Spanish,,2026-09-23T23:45:00+00:00,2026-10-06T21:24:22+00:00,,gdelt,titular/metadatos
G9a673f33bb,Partido Auténtico Nacional busca 45 mil firmas tras recibir aval del TE para ser partido,https://www.laestrella.com.pa/panama/nacional/partido-autentico-nacional-busca-45-mil-firmas-tras-recibir-aval-del-te-para-ser-partido-IK25859818,laestrella.com.pa,Spanish,,2026-09-21T23:00:00+00:00,2026-10-06T21:24:22+00:00,,gdelt,titular/metadatos
Gcb0edac679,Το φάντασμα της διαμετακόμισης κινεζικών προϊόντων στη συνάντηση Τραμπ - Σι : 9 χώρες στο στόχαστρο,https://gr.euronews.com/2026/09/24/the-ghost-of-chinese-transfer-looms-over-the-trump-xi-summit-with-9-latin-american-countri,gr.euronews.com,Greek,,2026-09-24T05:45:00+00:00,2026-10-06T21:24:22+00:00,,gdelt,titular/metadatos
G4eafef591f,China US LPG buying is back on a better duty strategy | Hellenic Shipping News Worldwide,https://www.hellenicshippingnews.com/chinas-us-lpg-buying-is-back-on-a-better-duty-strategy/,hellenicshippingnews.com,English,,2026-09-24T11:30:00+00:00,2026-10-06T21:24:22+00:00,,gdelt,titular/metadatos
G9b73b82cce,"Promosi Indonesia di Palace of Fine Arts San Francisco , Ada Gamelan hingga Kopi Nusantara",https://wisata.viva.co.id/wisata/30477-promosi-indonesia-di-palace-of-fine-arts-san-francisco-ada-gamelan-hingga-kopi-nusantara,wisata.viva.co.id,Indonesian,,2026-09-22T04:30:00+00:00,2026-10-06T21:24:22+00:00,,gdelt,titular/metadatos
G93f54f8115,El Niño weather pattern enters record territory scientist,https://www.philstar.com/headlines/climate-and-environment/2026/09/22/2558059/el-nio-weather-pattern-enters-record-territory-scientist,philstar.com,English,,2026-09-22T02:15:00+00:00,2026-10-06T21:24:22+00:00,,gdelt,titular/metadatos
Gc29b535db1,Presidente de España reitera importancia de Panamá en el bloque de Iberoamérica tras encuentro con Mulino – Ministerio de Relaciones exteriores,https://mire.gob.pa/presidente-de-espana-reitera-importancia-de-panama-en-el-bloque-de-iberoamerica-tras-encuentro-con-mulino/,mire.gob.pa,Spanish,,2026-09-23T00:30:00+00:00,2026-10-06T21:24:22+00:00,,gdelt,titular/metadatos
G5088a2cc5b,"Mulino y medio gabinete despachan desde Nueva York , con motivo de la Asamblea General de la ONU",https://www.prensa.com/politica/mulino-y-medio-gabinete-despachan-desde-nueva-york-con-motivo-de-la-asamblea-general-de-la-onu/,prensa.com,Spanish,,2026-09-23T03:30:00+00:00,2026-10-06T21:24:22+00:00,,gdelt,titular/metadatos
Gdc0ad89a89,Getting Off the EU Tax List . Von der Leyen Highlights Panama Progress . ,https://newsroompanama.com/2026/09/22/getting-off-the-eu-tax-list-von-der-leyen-highlights-panamas-progress/,newsroompanama.com,English,,2026-09-23T05:45:00+00:00,2026-10-06T21:24:22+00:00,,gdelt,titular/metadatos
G972dc0c517,Encuentro Mulino - Irfaan Ali : Guyana muestra interés en adherirse al Tratado de Neutralidad del Canal – Ministerio de Relaciones exteriores,https://mire.gob.pa/encuentro-mulino-irfaan-ali-guyana-muestra-interes-en-adherirse-al-tratado-de-neutralidad-del-canal/,mire.gob.pa,Spanish,,2026-09-24T04:45:00+00:00,2026-10-06T21:24:22+00:00,,gdelt,titular/metadatos
G4528484915,Un día como hoy … - Periodismo . com,https://www.periodismo.com/efemeride/un-dia-como-hoy-80/1790812800/,periodismo.com,Spanish,,2026-09-24T01:30:00+00:00,2026-10-06T21:24:22+00:00,,gdelt,titular/metadatos
Gc0361c90c4,Super El Niño Ties Record Months Before Peak ; Scientists Warn of Severe Global Impacts – NaturalNews . com,https://www.naturalnews.com/2026-09-23-super-el-nino-ties-record-months-before-peak.html,naturalnews.com,English,,2026-09-23T18:15:00+00:00,2026-10-06T21:24:22+00:00,,gdelt,titular/metadatos
Gd293494879,El valor del agua,https://www.prensa.com/opinion/el-valor-del-agua/,prensa.com,Spanish,,2026-09-23T03:30:00+00:00,2026-10-06T21:24:22+00:00,,gdelt,titular/metadatos
Gac443012fa,Chinese goods transshipment haunts Trump - Xi meeting : nine Latin American countries flagged,https://www.euronews.com/2026/09/24/chinese-goods-transshipment-haunts-trump-xi-meeting-nine-latin-american-countries-flagged,euronews.com,English,,2026-09-24T07:45:00+00:00,2026-10-06T21:24:22+00:00,,gdelt,titular/metadatos
G2825166d29,Anuncian cierres parciales de vías en Amador y Balboa a partir del lunes 28 de septiembre,https://www.prensa.com/sociedad/anuncian-cierres-parciales-de-vias-en-amador-y-balboa-a-partir-del-lunes-28-de-septiembre/,prensa.com,Spanish,,2026-09-24T03:30:00+00:00,2026-10-06T21:24:22+00:00,,gdelt,titular/metadatos
G3bbb70e2eb,"Asia to face sustained inflation pressure through 2027 , warns ADB",https://www.business-standard.com/world-news/asia-to-face-sustained-inflation-pressure-through-2027-warns-adb-126092300149_1.html,business-standard.com,English,,2026-09-23T06:15:00+00:00,2026-10-06T21:24:22+00:00,,gdelt,titular/metadatos
Geb0a6a2cdd,ADB warns Asia faces sustained inflation pressure into 2027,https://www.freemalaysiatoday.com/category/business/2026/09/23/adb-warns-asia-faces-sustained-inflation-pressure-into-2027,freemalaysiatoday.com,English,,2026-09-23T04:00:00+00:00,2026-10-06T21:24:22+00:00,,gdelt,titular/metadatos
Ge6aac9e5cc,El Niño weather pattern enters record territory : scientist,https://www.enca.com/opinion/el-nino-weather-pattern-enters-record-territory-scientist,enca.com,English,,2026-09-22T04:30:00+00:00,2026-10-06T21:24:22+00:00,,gdelt,titular/metadatos
Gb9e7c26ecf,John John Florence Surfs  One Perfect Little Right  ,https://www.theinertia.com/surf/john-john-florence-surfs-one-perfect-little-right/,theinertia.com,English,,2026-09-22T22:45:00+00:00,2026-10-06T21:24:22+00:00,,gdelt,titular/metadatos
Ge592ac53bf,El Niño y su Impacto en el Clima Global,https://tctelevision.com/lo-ultimo/el-nino-rompe-el-record-de-temperatura-mas-alto-desde-que-existen-registros-y-todavia-le-falta-fuerza/,tctelevision.com,Spanish,,2026-09-22T18:00:00+00:00,2026-10-06T21:24:22+00:00,,gdelt,titular/metadatos
G71219db0c9,María Corina Machado ha intentado regresar siete veces a Venezuela sin conseguirlo,https://www.elcorreo.com/internacional/maria-corina-machado-intentado-regresar-siete-veces-20260922065955-ntrc.html,elcorreo.com,Spanish,,2026-09-23T06:15:00+00:00,2026-10-06T21:24:22+00:00,,gdelt,titular/metadatos
Ga4e56d9fee,María Corina Machado ha intentado regresar siete veces a Venezuela sin conseguirlo,https://www.ideal.es/internacional/maria-corina-machado-intentado-regresar-siete-veces-20260922065955-ntrc.html,ideal.es,Spanish,,2026-09-23T05:45:00+00:00,2026-10-06T21:24:22+00:00,,gdelt,titular/metadatos
Gf71f13f6a1,María Corina Machado ha intentado regresar siete veces a Venezuela sin conseguirlo,https://www.diariosur.es/internacional/maria-corina-machado-intentado-regresar-siete-veces-20260922065955-ntrc.html,diariosur.es,Spanish,,2026-09-23T06:00:00+00:00,2026-10-06T21:24:22+00:00,,gdelt,titular/metadatos
G7130770037,María Corina Machado ha intentado regresar siete veces a Venezuela sin conseguirlo,https://www.laverdad.es/internacional/maria-corina-machado-intentado-regresar-siete-veces-20260922065955-ntrc.html,laverdad.es,Spanish,,2026-09-23T06:45:00+00:00,2026-10-06T21:24:22+00:00,,gdelt,titular/metadatos
Gdd4ea8a74c,María Corina Machado ha intentado regresar siete veces a Venezuela sin conseguirlo,https://www.elnortedecastilla.es/internacional/maria-corina-machado-intentado-regresar-siete-veces-20260922065955-ntrc.html,elnortedecastilla.es,Spanish,,2026-09-23T06:00:00+00:00,2026-10-06T21:24:22+00:00,,gdelt,titular/metadatos
Ge43f26ac68,María Corina Machado ha intentado regresar siete veces a Venezuela sin conseguirlo,https://www.hoy.es/internacional/maria-corina-machado-intentado-regresar-siete-veces-20260922065955-ntrc.html,hoy.es,Spanish,,2026-09-23T07:30:00+00:00,2026-10-06T21:24:22+00:00,,gdelt,titular/metadatos
G73c782b670,María Corina Machado ha intentado regresar siete veces a Venezuela sin conseguirlo,https://www.larioja.com/internacional/maria-corina-machado-intentado-regresar-siete-veces-20260922065955-ntrc.html,larioja.com,Spanish,,2026-09-23T07:15:00+00:00,2026-10-06T21:24:22+00:00,,gdelt,titular/metadatos
G375f508611,María Corina Machado ha intentado regresar siete veces a Venezuela sin conseguirlo,https://www.abc.es/internacional/maria-corina-machado-intentado-regresar-siete-veces-20260923031343-nt.html,abc.es,Spanish,,2026-09-23T02:00:00+00:00,2026-10-06T21:24:22+00:00,,gdelt,titular/metadatos
Gb01c836f9d,Tribunal Electoral autoriza a Martín Torrijos a recolectar firmas para formar su nuevo partido,https://www.laestrella.com.pa/panama/politica/tribunal-electoral-autoriza-a-martin-torrijos-a-recolectar-firmas-para-formar-su-nuevo-partido-BM25926070,laestrella.com.pa,Spanish,,2026-09-23T23:45:00+00:00,2026-10-06T21:24:22+00:00,,gdelt,titular/metadatos
G7a8742339c,Canal de Panamá : subastas por cupos de tránsitos sin reserva alcanzan hasta los US$5 millones,https://www.mundomaritimo.cl/noticias/canal-de-panama-subastas-por-cupos-de-transitos-sin-reserva-alcanzan-hasta-los-us5-millones,mundomaritimo.cl,Spanish,,2026-09-25T05:45:00+00:00,2026-10-06T21:24:22+00:00,,gdelt,titular/metadatos
G928260b3df,El Nino ties record intensity : What 3 . 07°C Pacific warming means for weather from Central America to Indonesia,https://www.livemint.com/news/world/el-nino-ties-record-intensity-what-3-07-c-pacific-warming-means-for-weather-from-central-america-to-indonesia-11790019836871.html,livemint.com,English,,2026-09-21T22:15:00+00:00,2026-10-06T21:24:22+00:00,,gdelt,titular/metadatos
G34fd6d2343,Presidente Mulino pide a la ONU recuperar la confianza y el liderazgo en pro de la paz y prosperidad del mundo – Ministerio de Relaciones exteriores,https://mire.gob.pa/presidencia-mulio-pide-a-la-onu-recupera-la-confianza-y-el-liderzgo-en-pro-de-la-paz/,mire.gob.pa,Spanish,,2026-09-24T00:00:00+00:00,2026-10-06T21:24:22+00:00,,gdelt,titular/metadatos
Ga3d930ffb5,"Asia to face sustained inflation pressure into 2027 , ADB warns",https://www.moneycontrol.com/news/business/asia-to-face-sustained-inflation-pressure-into-2027-adb-warns-14035871.html,moneycontrol.com,English,,2026-09-23T03:15:00+00:00,2026-10-06T21:24:22+00:00,,gdelt,titular/metadatos
G49a6fa423e,"Panamá afianza cooperación , conectividad aérea y seguridad marítima con Ghana , Trinidad y Tobago y Ucrania – Ministerio de Relaciones exteriores",https://mire.gob.pa/panama-afianza-cooperacion-conectividad-aerea-y-seguridad-maritima-con-ghana-trinidad-y-tobago-y-ucrania/,mire.gob.pa,Spanish,,2026-09-23T00:30:00+00:00,2026-10-06T21:24:22+00:00,,gdelt,titular/metadatos
G7e34fc92e3,María Corina Machado Trapped in Panama ? Inside Her Seven Failed Attempts to Return to Venezuela,https://www.latintimes.com/mari-corina-machado-trapped-panama-inside-her-seven-failed-attempts-return-venezuela-599524,latintimes.com,English,,2026-09-24T13:30:00+00:00,2026-10-06T21:24:22+00:00,,gdelt,titular/metadatos
Ga5c44ba5b8,Discurso del Presidente Mulino ante la Asamblea de las Naciones Unidas,https://tupolitica.com/ministerio-de-relaciones-exteriores-panama/discurso-mulino-naciones-unida.html,tupolitica.com,Spanish,,2026-09-24T19:45:00+00:00,2026-10-06T21:24:22+00:00,,gdelt,titular/metadatos
Gbd8112d36d,Jefe de inteligencia del Pentágono visitó Caracas el fin de semana en gira regional de seguridad,https://bitlysdowssl-aws.com/2026/09/jefe-de-inteligencia-del-pentagono-visito-caracas-el-fin-de-semana-en-gira-regional-de-seguridad/,bitlysdowssl-aws.com,Spanish,,2026-09-22T22:00:00+00:00,2026-10-06T21:24:22+00:00,,gdelt,titular/metadatos
G90c2991649,María Corina Machado y sus siete intentos fallidos por regresar a Venezuela,https://lahora.gt/internacionales/jcortega/2026/09/23/maria-corina-machado-y-sus-siete-intentos-fallidos-por-regresar-a-venezuela/,lahora.gt,Spanish,,2026-09-23T16:45:00+00:00,2026-10-06T21:24:22+00:00,,gdelt,titular/metadatos
Gc265430387,"On this Occasion of the UN General Assembly , Mulino and his Cabinet are Working from New York . ",https://newsroompanama.com/2026/09/22/on-this-occasion-of-the-un-general-assembly-mulino-and-his-cabinet-are-working-from-new-york/,newsroompanama.com,English,,2026-09-23T05:45:00+00:00,2026-10-06T21:24:22+00:00,,gdelt,titular/metadatos
Gdde1a81603,As Xi Visits Trump : Five Charts on China Latin America Ties,https://www.as-coa.org/articles/xi-visits-trump-five-charts-chinas-latin-america-ties,as-coa.org,English,,2026-09-22T14:45:00+00:00,2026-10-06T21:24:22+00:00,,gdelt,titular/metadatos
Gc3b1d27556,"Ángel Expósito :  Los dos besitos de Pedro Sánchez a Delcy Rodríguez definen perfectamente nuestra política exterior , al igual que lo vivido en la ONU , el cinismo y la verdad sobre Trump  ",https://www.cope.es/programas/la-linterna/audios/angel-exposito-dos-besitos-pedro-sanchez-delcy-rodriguez-definen-perfectamente-nuestra-politica-exterior-igual-vivido-onu-cinismo-verdad-sobre-trump-20260923_3442529.html,cope.es,Spanish,,2026-09-23T19:45:00+00:00,2026-10-06T21:24:22+00:00,,gdelt,titular/metadatos
G8e9636236a,Trump rallies Shield of the Americas coalition against drug cartels,https://www.aljazeera.com/news/2026/9/23/trump-rallies-shield-of-the-americas-coalition-against-drug-cartels,aljazeera.com,English,,2026-09-23T06:15:00+00:00,2026-10-06T21:24:22+00:00,,gdelt,titular/metadatos
G6bb9f75630,Rendkívüli figyelmeztetés érkezett : válságban a globális hajózás szabályrendszere,https://nepszava.hu/3333488_rendkivuli-figyelmeztetes-erkezett-valsagban-a-globalis-hajozas-szabalyrendszere,nepszava.hu,Hungarian,,2026-09-24T22:15:00+00:00,2026-10-06T21:24:22+00:00,,gdelt,titular/metadatos
Gb6f828e6b3,Secretaría de Obras destinará más de 124 mdp en pavimentación de acceso a 23 escuelas,https://lineadirectaportal.com/sinaloa/secretaria-de-obras-destinara-mas-de-124-mdp-en-pavimentacion-de-acceso-a-23-escuelas-2026-09-24__1708111,lineadirectaportal.com,Spanish,,2026-09-25T00:00:00+00:00,2026-10-06T21:24:22+00:00,,gdelt,titular/metadatos
Gea5dd7affe,The US once planned to use nuclear bombs to dig canals and harbours ; why Project Plowshare went from Cold War concept to a programme abandoned in 1977,https://www.moneycontrol.com/world/the-us-once-planned-to-use-nuclear-bombs-to-dig-canals-and-harbours-why-project-plowshare-went-from-cold-war-concept-to-a-programme-abandoned-in-1977-article-14036677.html,moneycontrol.com,English,,2026-09-24T05:30:00+00:00,2026-10-06T21:24:22+00:00,,gdelt,titular/metadatos
Gda54008cd7,Protecting Your Home from Heavy Rain : A Practical Guide for Expats and Locals,https://newsroompanama.com/2026/09/22/protecting-your-home-from-heavy-rain-a-practical-guide-for-expats-and-locals/,newsroompanama.com,English,,2026-09-22T20:00:00+00:00,2026-10-06T21:24:22+00:00,,gdelt,titular/metadatos
G99c2d67624,Hormuz Supply Crisis to Change LNG Market Forever,https://oilprice.com/Energy/Natural-Gas/Hormuz-Supply-Crisis-to-Change-LNG-Market-Forever.html,oilprice.com,English,,2026-09-23T20:15:00+00:00,2026-10-06T21:24:22+00:00,,gdelt,titular/metadatos
Ga28b7541c1,Los 3 intentos frustrados de María Corina Machado por regresar a Venezuela mientras Delcy Rodríguez está en Nueva York,https://www.hsbnoticias.com/los-3-intentos-frustrados-de-maria-corina-machado-por-regresar-a-venezuela-mientras-delcy-rodriguez-esta-en-nueva-york/,hsbnoticias.com,Spanish,,2026-09-23T22:30:00+00:00,2026-10-06T21:24:22+00:00,,gdelt,titular/metadatos
G98da20e6a2,Disputa geoestratégica en América Latina,https://www.teletica.com/de-la-a-a-la-z/disputa-geoestrategica-en-america-latina_417959,teletica.com,Spanish,,2026-09-25T01:15:00+00:00,2026-10-06T21:24:22+00:00,,gdelt,titular/metadatos
Gd799fb5472,"Chinese Hacking Groups Used Shared Attack Tool Against US Aerospace Firms , NGOs",https://www.theepochtimes.com/china/chinese-hacking-groups-used-shared-attack-tool-against-us-aerospace-firms-ngos-6094606,theepochtimes.com,English,,2026-09-25T02:15:00+00:00,2026-10-06T21:24:22+00:00,,gdelt,titular/metadatos
Gbbf1efd4e2,عاجل .. أقوى,https://www.dostor.org/5710480,dostor.org,Arabic,,2026-09-22T05:00:00+00:00,2026-10-06T21:24:22+00:00,,gdelt,titular/metadatos
Ga1e1fe1c44,National Security Experts : Trump Has Strengthened U . S . Positition v China,https://www.breitbart.com/national-security/2026/09/23/exclusive-national-security-experts-say-trump-has-strengthened-u-s-position-ahead-of-xi-summit/,breitbart.com,English,,2026-09-24T04:15:00+00:00,2026-10-06T21:24:22+00:00,,gdelt,titular/metadatos
G994cbb82e8,National Security Experts : Trump Has Strengthened U . S . Positition v China,https://www.breitbart.com/politics/2026/09/23/exclusive-national-security-experts-say-trump-has-strengthened-u-s-position-ahead-of-xi-summit/,breitbart.com,English,,2026-09-24T19:45:00+00:00,2026-10-06T21:24:22+00:00,,gdelt,titular/metadatos
G167f5a3452,"3 , 05 Grad : Der Super - El - Niño hat den Rekord geknackt – Monate vor seinem Höhepunkt",https://www.berliner-zeitung.de:443/article/305-grad-der-super-el-nino-hat-den-rekord-geknackt-monate-vor-seinem-hoehepunkt-10416308,berliner-zeitung.de,German,,2026-09-21T22:00:00+00:00,2026-10-06T21:24:22+00:00,,gdelt,titular/metadatos
G228f326481,"The Panama Canal , Venezuela , Greenland : Is Cuba Next ? | The American Spectator",https://spectator.org/the-panama-canal-venezuela-greenland-is-cuba-next/,spectator.org,English,,2026-09-24T03:45:00+00:00,2026-10-06T21:24:22+00:00,,gdelt,titular/metadatos
G8b1e8ed408,María Corina Machado Multiple Blocked Attempts to Enter Venezuela : A Political Odyssey,https://www.cubaheadlines.com/articles/340960,cubaheadlines.com,English,,2026-09-23T12:30:00+00:00,2026-10-06T21:24:22+00:00,,gdelt,titular/metadatos
G917870750b,"Trump rallies Guyana , others against drug cartels",https://kaieteurnewsonline.com/2026/09/24/trump-rallies-guyana-others-against-drug-cartels/,kaieteurnewsonline.com,English,,2026-09-24T20:30:00+00:00,2026-10-06T21:24:22+00:00,,gdelt,titular/metadatos
G2d009210b7,Macron fires back at Trump over AI map claiming French islands as U . S . territory – NaturalNews . com,https://www.naturalnews.com/2026-09-22-macron-fires-back-trump-french-islands-territory.html,naturalnews.com,English,,2026-09-23T04:00:00+00:00,2026-10-06T21:24:22+00:00,,gdelt,titular/metadatos
Gcaf6fa7717,物流观察 | 近期全球物流动态,https://newsghexport.shobserver.cn/html/baijiahao/2026/09/23/4062329.html,newsghexport.shobserver.cn,Chinese,,2026-09-24T07:15:00+00:00,2026-10-06T21:24:22+00:00,,gdelt,titular/metadatos
Gd52c64a104,Trump pledges  unmatched military might  against drug cartels,https://www.spokesman.com/stories/2026/sep/22/trump-pledges-unmatched-military-might-against-dru/,spokesman.com,English,,2026-09-23T01:45:00+00:00,2026-10-06T21:24:22+00:00,,gdelt,titular/metadatos
G278d87f03f,Donald Trump pledges  unmatched military might  against drug cartels,http://www.jpost.com/international/article-909361,jpost.com,English,,2026-09-23T01:45:00+00:00,2026-10-06T21:24:22+00:00,,gdelt,titular/metadatos
G682fbd8984,Maria Corina Machado Attempts to Return to Venezuela,https://havanatimes.org/features/maria-corina-machados-attempts-to-return-to-venezuela/,havanatimes.org,English,,2026-09-25T04:45:00+00:00,2026-10-06T21:24:22+00:00,,gdelt,titular/metadatos
G4bcd560d37,El Niño Has Reached a Historical Magnitude . The UN Is Warning About The Impact To Latin American Economies . ,https://www.ibtimes.com/el-nino-has-reached-historical-magnitude-un-warning-about-impact-latin-american-economies-3807812,ibtimes.com,English,,2026-09-23T20:15:00+00:00,2026-10-06T21:24:22+00:00,,gdelt,titular/metadatos
G1b4a5c1a78,Trump Greenland Agreement Is the  Art of the Deal  in Action | The American Spectator,https://spectator.org/trumps-greenland-agreement-is-the-art-of-the-deal-in-action/,spectator.org,English,,2026-09-25T07:45:00+00:00,2026-10-06T21:24:22+00:00,,gdelt,titular/metadatos
G3c2080ab23,Venezuela : Trump and Delcy Pose for a Picture . María Corina Machado Denied Entry . ,https://pjmedia.com/sarah-anderson/2026/09/23/venezuela-trump-and-delcy-pose-for-a-picture-maria-corina-machado-denied-entry-n4957556,pjmedia.com,English,,2026-09-23T19:00:00+00:00,2026-10-06T21:24:22+00:00,,gdelt,titular/metadatos
G3a585b9dbd,Donald Trumps Greenland Deal,https://www.sangbadpratidin.in/editorial/donald-trumps-greenland-deal/pid/1351220/,sangbadpratidin.in,Bengali,,2026-09-22T15:45:00+00:00,2026-10-06T21:24:22+00:00,,gdelt,titular/metadatos
G9e05de59bf,Narcotráfico y multilateralismo : claves para la UE y CELAC,https://www.dw.com/es/consenso-de-m%C3%ADnimos-entre-la-ue-y-la-celac-multilateralismo-y-cooperaci%C3%B3n-contra-el-narcotr%C3%A1fico/a-79419927,dw.com,Spanish,,2026-09-24T23:00:00+00:00,2026-10-06T21:24:22+00:00,,gdelt,titular/metadatos
G454e7f0c6e,"Carpetbagging Explained : Dirty Socks , a Soiled Shirt and an Old Carpetbag",https://www.governing.com/context/carpetbagging-explained-dirty-socks-a-soiled-shirt-and-an-old-carpetbag,governing.com,English,,2026-09-25T06:45:00+00:00,2026-10-06T21:24:22+00:00,,gdelt,titular/metadatos
G2fee277a09,Austin Bay On PointGreenland Security Deal Success,http://www.strategypage.com/on_point/2026092321376.aspx,strategypage.com,English,,2026-09-24T02:00:00+00:00,2026-10-06T21:24:22+00:00,,gdelt,titular/metadatos
G622e9acdea,Im on board the world longest cruise . This is what it like,https://www.aol.com/articles/m-board-world-longest-cruise-160000000.html,aol.com,English,,2026-09-23T18:00:00+00:00,2026-10-06T21:24:22+00:00,,gdelt,titular/metadatos
G9d0a5d2fe4,"When London Bridge began sinking into the Thames , the city sold it in 1968 to an American businessman for $2 . 46 million , and its 10 , 276 numbered granite facing blocks were shipped and rebuilt over a canal dug in the Arizona desert it is now bil...",https://dmnews.com/d-when-london-bridge-began-sinking-into-the-thames-the-city-sold-it-in-1968-to-an-american-businessman-for-2-46-million-dollars-and-10000-tonnes-of-numbered-granite-facing-were-shipped-and-rebuilt-ove/,dmnews.com,English,,2026-09-24T16:15:00+00:00,2026-10-06T21:24:22+00:00,,gdelt,titular/metadatos
Gf294f07b2a,See Europe Differently : Windstar Cruises Unveils Its 2028 Season,https://www.chathamdailynews.ca/press-releases/pr-newswire/see-europe-differently-windstar-cruises-unveils-its-2028-season/,chathamdailynews.ca,English,,2026-09-22T14:45:00+00:00,2026-10-06T21:24:22+00:00,,gdelt,titular/metadatos
Gc94c712d6f,La  Doctrina Donroe  y sus similares como amenaza contra la paz mundial,https://www.lanacion.com.ar/opinion/la-doctrina-donroe-y-sus-similares-como-amenaza-contra-la-paz-mundial-nid22092026/,lanacion.com.ar,Spanish,,2026-09-22T03:45:00+00:00,2026-10-06T21:24:22+00:00,,gdelt,titular/metadatos
G39e19b84bd,"Tietjen : As cities prepare for 2026 super El Niño , some crucial blind spots cant be ignored",https://www.pressdemocrat.com/2026/09/24/as-cities-prepare-for-2026s-super-el-nio-some-crucial-blind-spots-cant-be-ignored/,pressdemocrat.com,English,,2026-09-24T09:00:00+00:00,2026-10-06T21:24:22+00:00,,gdelt,titular/metadatos
G2c68ba9ffe,Σούπερ Ελ Νίνιο χωρίς προηγούμενο εδώ και 1 . 000 χρόνια – Οι φόβοι για όσα έρχονται,https://www.voria.gr/article/soyper-el-ninio-horis-proigoymeno-edo-kai-1000-hronia-oi-foboi-gia-osa-erhontai,voria.gr,Greek,,2026-09-21T21:45:00+00:00,2026-10-06T21:24:22+00:00,,gdelt,titular/metadatos
G1e5fef4026,Ruta Transpacífico : temporada alta se prolonga más de lo previsto y mantiene elevadas las tarifas spot,https://www.mundomaritimo.cl/noticias/ruta-transpacifico-temporada-alta-se-prolonga-mas-de-lo-previsto-y-mantiene-elevadas-las-tarifas-spot,mundomaritimo.cl,Spanish,,2026-09-25T05:45:00+00:00,2026-10-06T21:24:22+00:00,,gdelt,titular/metadatos
G02c4d5df8f,Equilibrio entre la oferta y demanda de portacontenedores sufriría deterioro en 2027,https://www.mundomaritimo.cl/noticias/equilibrio-entre-la-oferta-y-demanda-de-portacontenedores-sufriria-deterioro-en-2027,mundomaritimo.cl,Spanish,,2026-09-25T05:45:00+00:00,2026-10-06T21:24:22+00:00,,gdelt,titular/metadatos
Gee5e92a812,Trump Greenland Grab – Sri Lanka Guardian,https://slguardian.org/trumps-greenland-grab/,slguardian.org,English,,2026-09-23T06:00:00+00:00,2026-10-06T21:24:22+00:00,,gdelt,titular/metadatos
G572b4ae269,Greenland Is Not for Sale : Trump Donroe Doctrine and US Imperialism,https://countercurrents.org/2026/09/greenland-is-not-for-sale-trumps-donroe-doctrine-and-us-imperialism/,countercurrents.org,English,,2026-09-23T01:30:00+00:00,2026-10-06T21:24:22+00:00,,gdelt,titular/metadatos
Gf3f2c9ad9a,Tag : flexport _ global _ logistics _ update,https://newsroomamerica.com/tag/flexport_global_logistics_update,newsroomamerica.com,English,,2026-09-24T19:00:00+00:00,2026-10-06T21:24:22+00:00,,gdelt,titular/metadatos
G7da1f5f074,新一轮周期行至中段 ， 一路  高歌  的造船业还能走多远 ？- 股票 - 金融界,https://stock.jrj.com.cn/2026/09/24203258532215.shtml,stock.jrj.com.cn,Chinese,,2026-09-24T13:00:00+00:00,2026-10-06T21:24:22+00:00,,gdelt,titular/metadatos
Gd046efa157,رجب أبو سرية / يكتب : صورة أمريكا البائسة في ترامب ! - بوابة الحرية والعدالة,https://www.fj-p.com/434621/%D8%B1%D8%AC%D8%A8-%D8%A3%D8%A8%D9%88-%D8%B3%D8%B1%D9%8A%D8%A9-%D9%8A%D9%83%D8%AA%D8%A8-%D8%B5%D9%88%D8%B1%D8%A9-%D8%A3%D9%85%D8%B1%D9%8A%D9%83%D8%A7-%D8%A7%D9%84%D8%A8%D8%A7%D8%A6%D8%B3%D8%A9/,fj-p.com,Arabic,,2026-09-24T09:45:00+00:00,2026-10-06T21:24:22+00:00,,gdelt,titular/metadatos
G5b5cf37c3b,"武力抢走两座码头 , 以为赚大了 ? 35亿美元索赔在路上",https://www.vava8.com/index.php?app=index&act=view&id=153887,vava8.com,Chinese,,2026-09-23T02:45:00+00:00,2026-10-06T21:24:22+00:00,,gdelt,titular/metadatos
Gfd029c4bf0,Bringing color back into her life after cancer diagnosis and treatment | Richmond County Daily Journal,https://www.yourdailyjournal.com/news/265827/bringing-color-back-into-her-life-after-cancer-diagnosis-and-treatment,yourdailyjournal.com,English,,2026-09-22T01:15:00+00:00,2026-10-06T21:24:22+00:00,,gdelt,titular/metadatos
G6c1cb660be,Azamara Cruises Officially Opens Bookings for 195 - Night 2029 World Cruise,https://www.luxurytravelmagazine.com/news-articles/azamara-cruises-officially-opens-bookings-for-195-night-2029-world-cruise,luxurytravelmagazine.com,English,,2026-09-23T21:15:00+00:00,2026-10-06T21:24:22+00:00,,gdelt,titular/metadatos
G79c22b65aa,Xeneta : Global reliability plummets as Far East to Europe collapses to 6 % on - time,https://www.hellenicshippingnews.com/xeneta-global-reliability-plummets-as-far-east-to-europe-collapses-to-6-on-time/,hellenicshippingnews.com,English,,2026-09-21T23:00:00+00:00,2026-10-06T21:24:22+00:00,,gdelt,titular/metadatos
Gcb6e6f76ea,Tag : canada,https://newsroomamerica.com/tag/canada,newsroomamerica.com,English,,2026-09-22T22:00:00+00:00,2026-10-06T21:24:22+00:00,,gdelt,titular/metadatos
Gea3b6ebd4b,U . S . ambassador to the U . N . discusses progress on key issues,https://www.krcu.org/2026-09-23/u-s-ambassador-to-the-u-n-discusses-progress-on-key-issues,krcu.org,English,,2026-09-23T18:15:00+00:00,2026-10-06T21:24:22+00:00,,gdelt,titular/metadatos
Ga4b7cbf358,U . S . ambassador to the U . N . discusses progress on key issues,https://www.wnmufm.org/2026-09-23/u-s-ambassador-to-the-u-n-discusses-progress-on-key-issues,wnmufm.org,English,,2026-09-23T20:15:00+00:00,2026-10-06T21:24:22+00:00,,gdelt,titular/metadatos
G11dd59b00d,"U . N . Ambassador Mike Waltz on Iran , Venezuela and Trump foreign policy",https://www.wfdd.org/national/2026-09-23/u-n-ambassador-mike-waltz-on-iran-venezuela-and-trumps-foreign-policy,wfdd.org,English,,2026-09-23T20:15:00+00:00,2026-10-06T21:24:22+00:00,,gdelt,titular/metadatos
Ge74ee184b1,U . S . ambassador to the U . N . discusses progress on key issues,https://www.kvnf.org/2026-09-23/u-s-ambassador-to-the-u-n-discusses-progress-on-key-issues,kvnf.org,English,,2026-09-23T18:15:00+00:00,2026-10-06T21:24:22+00:00,,gdelt,titular/metadatos
G3d5f09811e,U . S . ambassador to the U . N . discusses progress on key issues,https://www.spokanepublicradio.org/2026-09-23/u-s-ambassador-to-the-u-n-discusses-progress-on-key-issues,spokanepublicradio.org,English,,2026-09-23T19:00:00+00:00,2026-10-06T21:24:22+00:00,,gdelt,titular/metadatos
G4628b3f67a,U . S . ambassador to the U . N . discusses progress on key issues,https://www.wbaa.org/npr-news/2026-09-23/u-s-ambassador-to-the-u-n-discusses-progress-on-key-issues,wbaa.org,English,,2026-09-23T18:15:00+00:00,2026-10-06T21:24:22+00:00,,gdelt,titular/metadatos
G04f255eb9c,U . S . ambassador to the U . N . discusses progress on key issues,https://www.kasu.org/2026-09-23/u-s-ambassador-to-the-u-n-discusses-progress-on-key-issues,kasu.org,English,,2026-09-23T19:30:00+00:00,2026-10-06T21:24:22+00:00,,gdelt,titular/metadatos
G0a95017f95,Malvinas o Falklands : el conflicto interminable,https://eltiempolatino.com/2026/09/24/internacional/malvinas-o-falklands-el-conflicto-interminable/,eltiempolatino.com,Spanish,,2026-09-24T22:15:00+00:00,2026-10-06T21:24:22+00:00,,gdelt,titular/metadatos
G0083f618f4,Bextel pitches herself as conservative alternative,https://www.wyomingnews.com/laramieboomerang/laramieboomerang/news/bextel-pitches-herself-as-conservative-alternative/article_cf7837c8-1806-4556-a80c-2ea433c35278.html,wyomingnews.com,English,,2026-09-23T12:30:00+00:00,2026-10-06T21:24:22+00:00,,gdelt,titular/metadatos
Ga13f3503e6,Bextel pitches herself as conservative alternative for governor,http://www.wyomingnews.com/news/local_news/bextel-pitches-herself-as-conservative-alternative-for-governor/article_09165620-4282-4e65-aa9f-f7ca6c1bf99b.html,wyomingnews.com,English,,2026-09-23T02:15:00+00:00,2026-10-06T21:24:22+00:00,,gdelt,titular/metadatos
Gbe88c7d61f,Trabajadores del Canal de Panamá exigen mejoras en sus condiciones laborales,https://www.hispantv.com/noticias/panama/660730/trabajadores-canal-panama-mejoras-condiciones-laborales,hispantv.com,Spanish,,2026-09-20T05:45:00+00:00,2026-10-06T21:24:22+00:00,,gdelt,titular/metadatos
Gb6cf7269a9,"사우디 막히고 파나마도 정체 … 정유 · 석화 , 하반기도 첩첩산중",http://www.newstomato.com/ReadNews.aspx?no=1313901,newstomato.com,Korean,,2026-09-20T08:30:00+00:00,2026-10-06T21:24:22+00:00,,gdelt,titular/metadatos
G178516e649,CEO de Citi se reúne con Mulino : estos son los proyectos de Panamá que interesan a inversionistas,https://www.telemetro.com/nacionales/ceo-citi-se-reune-mulino-estos-son-los-proyectos-panama-que-interesan-inversionistas-n6092455,telemetro.com,Spanish,,2026-09-21T17:45:00+00:00,2026-10-06T21:24:22+00:00,,gdelt,titular/metadatos
G81fda1abf7,El Canal logró reducir en más de 40 % el consumo de agua para enfrentar El Niño,https://www.prensa.com/economia/el-canal-logro-reducir-en-mas-de-40-el-consumo-de-agua-para-enfrentar-el-nino/,prensa.com,Spanish,,2026-09-21T05:45:00+00:00,2026-10-06T21:24:22+00:00,,gdelt,titular/metadatos
Gaef91644a6,Panamá será sede de cumbre mundial sobre crimen organizado e inteligencia,https://www.critica.com.pa/nacional/panama-sera-sede-de-cumbre-mundial-sobre-crimen-organizado-e-inteligencia-516754,critica.com.pa,Spanish,,2026-09-21T21:15:00+00:00,2026-10-06T21:24:22+00:00,,gdelt,titular/metadatos
Gcb453ecf4d,Mulino llega a Nueva York con agenda de alto nivel ante la ONU y grandes inversionistas,https://www.diaadia.com.pa/el-pais/mulino-llega-nueva-york-con-agenda-de-alto-nivel-ante-la-onu-y-grandes-inversionistas,diaadia.com.pa,Spanish,,2026-09-20T00:30:00+00:00,2026-10-06T21:24:22+00:00,,gdelt,titular/metadatos
Gdc3ba10acb,"Pinglu Canal will significantly strengthen China - ASEAN trade , economic ties : business leaders",https://www.globaltimes.cn/page/202609/1370947.shtml,globaltimes.cn,English,,2026-09-20T17:00:00+00:00,2026-10-06T21:24:22+00:00,,gdelt,titular/metadatos
Gc4b959ddab,"Pinglu Canal Opens , Allowing New Opportunities to Flow to Yangpu - 南海网",https://www.hinews.cn/page?n=2842581&m=1&s=1044,hinews.cn,English,,2026-09-20T16:00:00+00:00,2026-10-06T21:24:22+00:00,,gdelt,titular/metadatos
Gefce51ce21,"Corredor Bioceánico : China y Brasil preparan golpe al Canal de Panamá , estudian tren hacia el megapuerto de Chancay en Perú mientras la FICO ya supera 55 % de construcción",https://www.elimparcial.com/mundo/2026/09/20/corredor-bioceanico-china-y-brasil-preparan-golpe-al-canal-de-panama-estudian-tren-hacia-el-megapuerto-de-chancay-en-peru-mientras-la-fico-ya-supera-55-de-construccion/,elimparcial.com,Spanish,,2026-09-20T21:30:00+00:00,2026-10-06T21:24:22+00:00,,gdelt,titular/metadatos
G5d015ffca8,"Riquelme :  Me he ido a Panamá , porque quiero invertir entre 7 . 000 y 9 . 000 millones en Latinoamérica . No hay absolutamente nada fiscal  ",https://www.elmundo.es/economia/2026/09/20/6ab00a44fdddff0b368b4579.html,elmundo.es,Spanish,,2026-09-20T23:00:00+00:00,2026-10-06T21:24:22+00:00,,gdelt,titular/metadatos
G919c9b7c9a,Verano 2027 : los cinco destinos  fuera de radar  que ganan terreno entre los argentinos,https://www.contextotucuman.com/nota/420114/verano-2027-los-cinco-destinos-yquot,contextotucuman.com,Spanish,,2026-09-20T14:45:00+00:00,2026-10-06T21:24:22+00:00,,gdelt,titular/metadatos
G59f58fe707,Panama bunker sales fall in August | Hellenic Shipping News Worldwide,https://www.hellenicshippingnews.com/panama-bunker-sales-fall-in-august/,hellenicshippingnews.com,English,,2026-09-20T23:00:00+00:00,2026-10-06T21:24:22+00:00,,gdelt,titular/metadatos
Ga7edab28b3,Oil prices face upside risks as global supply disruptions deepen : Report,https://news.webindia123.com/news/Articles/Business/20260920/4501062.html,news.webindia123.com,English,,2026-09-20T11:45:00+00:00,2026-10-06T21:24:22+00:00,,gdelt,titular/metadatos
G8adbd721cf,Oil prices face upside risks as global supply disruptions deepen : Report,https://timesofoman.com/article/177182-oil-prices-face-upside-risks-as-global-supply-disruptions-deepen-report,timesofoman.com,English,,2026-09-21T10:30:00+00:00,2026-10-06T21:24:22+00:00,,gdelt,titular/metadatos
G8db17b0c92,Jornada 9 del Apertura 2026 de la Liga MX : Rayados sorprende a Cruz Azul,https://lopezdoriga.com/deportes/jornada-9-apertura-2026-liga-mx-rayados-sorprende-cruz-azul/,lopezdoriga.com,Spanish,,2026-09-20T04:30:00+00:00,2026-10-06T21:24:22+00:00,,gdelt,titular/metadatos
G2b3d4e498a,Oil prices face upside risks as global supply disruptions deepen : Report,https://aninews.in/news/business/oil-prices-face-upside-risks-as-global-supply-disruptions-deepen-report20260920155828/,aninews.in,English,,2026-09-20T11:30:00+00:00,2026-10-06T21:24:22+00:00,,gdelt,titular/metadatos
G5e5543b3f3,"Cadenas logísticas globales se reconfiguran ante cambios en rutas marítima , capacidad y riesgos",https://www.mundomaritimo.cl/noticias/cadenas-logisticas-globales-se-reconfiguran-ante-cambios-en-rutas-maritima-capacidad-y-riesgos,mundomaritimo.cl,Spanish,,2026-09-21T06:15:00+00:00,2026-10-06T21:24:22+00:00,,gdelt,titular/metadatos
Gc0e1a0840e,Cartaginés encuentra en sus fichajes extranjeros la fórmula para un inicio ganador,https://www.larepublica.net/cartagines-encuentra-en-sus-fichajes-extranjeros-la-formula-para-un-inicio-ganador/,larepublica.net,Spanish,,2026-09-20T04:30:00+00:00,2026-10-06T21:24:22+00:00,,gdelt,titular/metadatos
Gca546ff1a3,中金 ： 上调太平洋航运 ( 02343 ) 目标价33 . 5 % 至4 . 54港元 维持  跑赢行业  评级 _ 市场分析 _ 港股 _ 中金在线,http://hkstock.cnfol.com/shichangfenxi/20260921/32376163.shtml,hkstock.cnfol.com,Chinese,,2026-09-21T04:00:00+00:00,2026-10-06T21:24:22+00:00,,gdelt,titular/metadatos
G0737c9928d,"Bessent Hails  Very Successful  China Talks As Trump - Xi Summit Puts AI , Rare Earths And Energy On The Table",https://www.zerohedge.com/geopolitical/bessent-hails-very-successful-china-talks-trump-xi-summit-puts-ai-rare-earths-and,zerohedge.com,English,,2026-09-21T18:15:00+00:00,2026-10-06T21:24:22+00:00,,gdelt,titular/metadatos
Ga28c1f6e0d,Όλες οι απευθείας αεροπορικές συνδέσεις από την Ευρώπη με την Κεντρική και Νότια Αμερική,https://gr.euronews.com/2026/09/20/all-the-direct-flight-routes-from-europe-to-central-and-south-america,gr.euronews.com,Greek,,2026-09-20T09:30:00+00:00,2026-10-06T21:24:22+00:00,,gdelt,titular/metadatos
G07c50423dd,Jornada 9 del Apertura 2026 de la Liga MX : Empate agónico en el Clásico Nacional,https://lopezdoriga.com/deportes/jornada-9-apertura-2026-liga-mx-empate-agonico-clasico-nacional/,lopezdoriga.com,Spanish,,2026-09-20T09:15:00+00:00,2026-10-06T21:24:22+00:00,,gdelt,titular/metadatos
G235faa5a77,"La sequía por El Niño golpea Centroamérica : maíz seco , vacas muertas y escasez de comida",https://www.expreso.ec/internacional/sequia-nino-golpea-centroamerica-maiz-seco-vacas-muertas-escasez-comida-296380.html,expreso.ec,Spanish,,2026-09-20T03:15:00+00:00,2026-10-06T21:24:22+00:00,,gdelt,titular/metadatos
Gee22b2f0a8,Todas las rutas de vuelos directos entre Europa y América Central y del Sur,https://es.euronews.com/viajes/2026/09/20/todas-las-rutas-de-vuelos-directos-entre-europa-y-america-central-y-del-sur,es.euronews.com,Spanish,,2026-09-20T06:30:00+00:00,2026-10-06T21:24:22+00:00,,gdelt,titular/metadatos
G76816efe4a,Ελ Νίνιο ... επιπέδου « Γκοτζίλα »: Σπάει ρεκόρ πριν καν κορυφωθεί – « Θερμότερο έτος στην ιστορία » το 2027,https://www.tanea.gr/2026/09/21/science-technology/el-ninio-epipedoy-gkotzila-spaei-istoriko-rekor-prin-kan-koryfothei-thermotero-etos-stin-i/,tanea.gr,Greek,,2026-09-21T19:00:00+00:00,2026-10-06T21:24:22+00:00,,gdelt,titular/metadatos
G0907fc5f5a,Ελ Νίνιο επιπέδου … « Γκοτζίλα »: Σπάει ιστορικό ρεκόρ πριν καν κορυφωθεί – « Θερμότερο έτος στην ιστορία » το 2027,https://www.inewsgr.com/27/el-ninio-epipedou-gkotzila-spaei-istoriko-rekor-prin-kan-koryfothei--thermotero-etos-stin-istoria-to-2027.htm,inewsgr.com,Greek,,2026-09-21T19:00:00+00:00,2026-10-06T21:24:22+00:00,,gdelt,titular/metadatos
Ga03eea76ff,Letter To The Editor | The Journal - News,"http://www.thejournal-news.net/stories/letter-to-the-editor,247258",thejournal-news.net,English,,2026-09-21T08:30:00+00:00,2026-10-06T21:24:22+00:00,,gdelt,titular/metadatos
Gea92e2ab0e,Oil prices face upside risks as global supply disruptions deepen : Report,http://www.beijingbulletin.com/news/279319170/oil-prices-face-upside-risks-as-global-supply-disruptions-deepen-report,beijingbulletin.com,English,,2026-09-20T19:30:00+00:00,2026-10-06T21:24:22+00:00,,gdelt,titular/metadatos
G5dc5dc44a7,Oil prices face upside risks as global supply disruptions deepen : Report,http://www.chinanationalnews.com/news/279319170/oil-prices-face-upside-risks-as-global-supply-disruptions-deepen-report,chinanationalnews.com,English,,2026-09-20T16:00:00+00:00,2026-10-06T21:24:22+00:00,,gdelt,titular/metadatos
G5a6aa93248,Oil prices face upside risks as global supply disruptions deepen : Report,http://www.haitisun.com/news/279319170/oil-prices-face-upside-risks-as-global-supply-disruptions-deepen-report,haitisun.com,English,,2026-09-20T17:45:00+00:00,2026-10-06T21:24:22+00:00,,gdelt,titular/metadatos
Gd44f50cf50,كل الرحلات الجوية المباشرة من أوروبا إلى أميركا الوسطى والجنوبية,https://arabic.euronews.com/2026/09/20/all-the-direct-flight-routes-from-europe-to-central-and-south-america,arabic.euronews.com,Arabic,,2026-09-20T06:45:00+00:00,2026-10-06T21:24:22+00:00,,gdelt,titular/metadatos
G4e8b52adbd,Ελ Νίνιο επιπέδου  Γκοτζίλα  - Σε αχαρτογράφητα νερά ο πλανήτης,https://www.news247.gr/perivallon/el-ninio-epipedou-gkotzila-se-axartografita-nera-o-planitis/,news247.gr,Greek,,2026-09-21T19:30:00+00:00,2026-10-06T21:24:22+00:00,,gdelt,titular/metadatos
Gaebd164f96,Macron hits back at Trumps strange US map,http://www.heraldglobe.com/news/279320062/macron-hits-back-at-trumps-strange-us-map,heraldglobe.com,English,,2026-09-21T06:00:00+00:00,2026-10-06T21:24:22+00:00,,gdelt,titular/metadatos
G84f2a4925a,Macron hits back at Trump  strange  claim on French territory,http://www.heraldglobe.com/news/279320091/macron-hits-back-at-trump-trange-claim-on-french-territory,heraldglobe.com,English,,2026-09-21T06:00:00+00:00,2026-10-06T21:24:22+00:00,,gdelt,titular/metadatos
Ga7b042464c,Macron hits back at Trump  strange  claim on French territory,http://www.bignewsnetwork.com/news/279320091/macron-hits-back-at-trump-trange-claim-on-french-territory,bignewsnetwork.com,English,,2026-09-21T06:00:00+00:00,2026-10-06T21:24:22+00:00,,gdelt,titular/metadatos
G84e5f0c8f6,Macron hits back at Trumps strange claim on French territory,http://www.calcuttanews.net/news/279320068/macron-hits-back-at-trumps-strange-claim-on-french-territory,calcuttanews.net,English,,2026-09-21T05:30:00+00:00,2026-10-06T21:24:22+00:00,,gdelt,titular/metadatos
Gf323a3f174,Macron hits back at Trumps strange US map,http://www.calcuttanews.net/news/279320062/macron-hits-back-at-trumps-strange-us-map,calcuttanews.net,English,,2026-09-21T05:30:00+00:00,2026-10-06T21:24:22+00:00,,gdelt,titular/metadatos
Gb76b390cf5,Macron hits back at Trumps strange US map,http://www.sierraleonetimes.com/news/279320062/macron-hits-back-at-trumps-strange-us-map,sierraleonetimes.com,English,,2026-09-21T06:15:00+00:00,2026-10-06T21:24:22+00:00,,gdelt,titular/metadatos
G82935460e6,Macron hits back at Trumps strange US map,http://www.parisguardian.com/news/279320062/macron-hits-back-at-trumps-strange-us-map,parisguardian.com,English,,2026-09-21T05:15:00+00:00,2026-10-06T21:24:22+00:00,,gdelt,titular/metadatos
G60fb7d7628,Macron hits back at Trump over French territory,http://www.europesun.com/news/279320301/macron-hits-back-at-trump-over-french-territory,europesun.com,English,,2026-09-21T09:15:00+00:00,2026-10-06T21:24:22+00:00,,gdelt,titular/metadatos
G0ae2c3c79d,Macron hits back at Trumps strange claim on French territory,http://www.europesun.com/news/279320068/macron-hits-back-at-trumps-strange-claim-on-french-territory,europesun.com,English,,2026-09-21T09:15:00+00:00,2026-10-06T21:24:22+00:00,,gdelt,titular/metadatos
Gbff031fce4,Macron hits back at Trumps strange claim on French territory,http://www.caribbeanherald.com/news/279320068/macron-hits-back-at-trumps-strange-claim-on-french-territory,caribbeanherald.com,English,,2026-09-21T07:00:00+00:00,2026-10-06T21:24:22+00:00,,gdelt,titular/metadatos
Ged2ea632c0,Macron hits back at Trumps strange US map,http://www.caribbeanherald.com/news/279320062/macron-hits-back-at-trumps-strange-us-map,caribbeanherald.com,English,,2026-09-21T07:00:00+00:00,2026-10-06T21:24:22+00:00,,gdelt,titular/metadatos
G3d344677d9,Macron hits back at Trumps strange claim on French territory,http://www.bignewsnetwork.com/news/279320068/macron-hits-back-at-trumps-strange-claim-on-french-territory,bignewsnetwork.com,English,,2026-09-21T05:00:00+00:00,2026-10-06T21:24:22+00:00,,gdelt,titular/metadatos
G8757cfd19e,Macron hits back at Trumps strange US map,http://www.bignewsnetwork.com/news/279320062/macron-hits-back-at-trumps-strange-us-map,bignewsnetwork.com,English,,2026-09-21T05:00:00+00:00,2026-10-06T21:24:22+00:00,,gdelt,titular/metadatos
Gfd7f438d4d,Macron hits back at Trumps strange claim on French territory,http://www.torontotelegraph.com/news/279320068/macron-hits-back-at-trumps-strange-claim-on-french-territory,torontotelegraph.com,English,,2026-09-21T04:45:00+00:00,2026-10-06T21:24:22+00:00,,gdelt,titular/metadatos
G2695bdc02e,Macron hits back at Trumps strange US map,http://www.torontotelegraph.com/news/279320062/macron-hits-back-at-trumps-strange-us-map,torontotelegraph.com,English,,2026-09-21T04:45:00+00:00,2026-10-06T21:24:22+00:00,,gdelt,titular/metadatos
G851815e2f5,Macron hits back at Trumps strange claim on French territory,http://www.sierraleonetimes.com/news/279320068/macron-hits-back-at-trumps-strange-claim-on-french-territory,sierraleonetimes.com,English,,2026-09-21T06:15:00+00:00,2026-10-06T21:24:22+00:00,,gdelt,titular/metadatos
G116ea73826,Macron hits back at Trumps strange claim on French territory,http://www.kenyastar.com/news/279320068/macron-hits-back-at-trumps-strange-claim-on-french-territory,kenyastar.com,English,,2026-09-21T08:00:00+00:00,2026-10-06T21:24:22+00:00,,gdelt,titular/metadatos
G6e9a6c0e84,Macron hits back at Trump over French territory,http://www.kenyastar.com/news/279320301/macron-hits-back-at-trump-over-french-territory,kenyastar.com,English,,2026-09-21T08:00:00+00:00,2026-10-06T21:24:22+00:00,,gdelt,titular/metadatos
Gb2650a52fb,Macron hits back at Trumps strange US map,http://www.haitisun.com/news/279320062/macron-hits-back-at-trumps-strange-us-map,haitisun.com,English,,2026-09-21T07:15:00+00:00,2026-10-06T21:24:22+00:00,,gdelt,titular/metadatos
G6df5226b84,Macron hits back at Trumps strange claim on French territory,http://www.haitisun.com/news/279320068/macron-hits-back-at-trumps-strange-claim-on-french-territory,haitisun.com,English,,2026-09-21T07:15:00+00:00,2026-10-06T21:24:22+00:00,,gdelt,titular/metadatos
G635fdd0106,Macron hits back at Trumps strange US map,http://www.kenyastar.com/news/279320062/macron-hits-back-at-trumps-strange-us-map,kenyastar.com,English,,2026-09-21T08:00:00+00:00,2026-10-06T21:24:22+00:00,,gdelt,titular/metadatos
G020851fea1,Macron hits back at Trump over French territory,http://www.torontotelegraph.com/news/279320301/macron-hits-back-at-trump-over-french-territory,torontotelegraph.com,English,,2026-09-21T16:30:00+00:00,2026-10-06T21:24:22+00:00,,gdelt,titular/metadatos
G3135583172,Macron hits back at Trump over French territory,http://www.sierraleonetimes.com/news/279320301/macron-hits-back-at-trump-over-french-territory,sierraleonetimes.com,English,,2026-09-21T11:15:00+00:00,2026-10-06T21:24:22+00:00,,gdelt,titular/metadatos
G830bb07d66,Macron hits back at Trump over French territory,http://www.parisguardian.com/news/279320301/macron-hits-back-at-trump-over-french-territory,parisguardian.com,English,,2026-09-21T10:15:00+00:00,2026-10-06T21:24:22+00:00,,gdelt,titular/metadatos
Ge852ac10c0,"Το πρωτοφανές Ελ Νίνιο ήδη σπάει τα ρεκόρ θερμοκρασίας , μήνες πριν κορυφωθεί",https://www.topontiki.gr/2026/09/21/to-protofanes-el-ninio-idi-spai-ta-rekor-thermokrasias-mines-prin-korifothi/,topontiki.gr,Greek,,2026-09-21T17:15:00+00:00,2026-10-06T21:24:22+00:00,,gdelt,titular/metadatos
G45413217aa,特朗普吼一嗓子 《 格陵兰岛协议 》， 中方就  笑不出来了 ？_ 凤凰网,https://news.ifeng.com/c/8wZnFcitScK,news.ifeng.com,Chinese,,2026-09-20T10:15:00+00:00,2026-10-06T21:24:22+00:00,,gdelt,titular/metadatos
Gdbe71eec1b,Σούπερ Ελ Νίνιο χωρίς προηγούμενο εδώ και 1 . 000 χρόνια – Οι φόβοι για όσα έρχονται,https://www.kathimerini.gr/life/environment/564471568/soyper-el-ninio-choris-proigoymeno-edo-kai-1-000-chronia-oi-fovoi-gia-osa-erchontai/,kathimerini.gr,Greek,,2026-09-21T16:30:00+00:00,2026-10-06T21:24:22+00:00,,gdelt,titular/metadatos
G4551c4646f,Insurers innovate as geopolitical risks reshape trade,https://www.intelligentinsurer.com/iumi-today/insurers-innovate-as-geopolitical-risks-reshape-trade,intelligentinsurer.com,English,,2026-09-21T19:30:00+00:00,2026-10-06T21:24:22+00:00,,gdelt,titular/metadatos
G7985ed84e4, « Σούπερ Ελ Νίνιο »: Έσπασε ρεκόρ θερμοκρασιών μήνες πριν από την κορύφωσή του,https://www.skaikritis.gr/souper-el-ninio-espase-rekor-thermokrasion-mines-prin-apo-tin-koryfosi-tou/,skaikritis.gr,Greek,,2026-09-21T21:00:00+00:00,2026-10-06T21:24:22+00:00,,gdelt,titular/metadatos
G901c1796c7,Acciones de navieras de tanqueros y graneleros lideran las ganancias bursátiles del sector marítimo en 2026,https://www.mundomaritimo.cl/noticias/acciones-de-navieras-de-tanqueros-y-graneleros-lideran-las-ganancias-bursatiles-del-sector-maritimo-en-2026,mundomaritimo.cl,Spanish,,2026-09-21T06:15:00+00:00,2026-10-06T21:24:22+00:00,,gdelt,titular/metadatos
G63a27e516c,Confiabilidad de itinerarios cae al 34 % en la Costa Este de Sudamérica y los retrasos se duplican,https://www.mundomaritimo.cl/noticias/confiabilidad-de-itinerarios-cae-al-34-en-la-costa-este-de-sudamerica-y-los-retrasos-se-duplican,mundomaritimo.cl,Spanish,,2026-09-21T06:15:00+00:00,2026-10-06T21:24:22+00:00,,gdelt,titular/metadatos
G22ab8d08f4,Should Canada apply to join the European Union ? ,https://www.niagarafallsreview.ca/opinion/contributors/should-canada-apply-to-become-the-28th-member-state-of-the-european-union/article_f782c811-2a6c-5a89-89a7-bdd57fc7e54a.html,niagarafallsreview.ca,English,,2026-09-20T15:45:00+00:00,2026-10-06T21:24:22+00:00,,gdelt,titular/metadatos
Gb139f0f084,خاموش تاریخ کے بولتے راز - Daily Ausaf,https://dailyausaf.com/columns/2026/09/20/293002/,dailyausaf.com,Urdu,,2026-09-20T12:45:00+00:00,2026-10-06T21:24:22+00:00,,gdelt,titular/metadatos
G8956846721,Financial Contrast : Truist Financial ( NYSE : TFC ) & Banco Latinoamericano de Comercio Exterior ( NYSE : BLX ) ,https://www.tickerreport.com/banking-finance/13590789/financial-contrast-truist-financial-nysetfc-banco-latinoamericano-de-comercio-exterior-nyseblx.html,tickerreport.com,English,,2026-09-20T12:15:00+00:00,2026-10-06T21:24:22+00:00,,gdelt,titular/metadatos
G6f7b60a703,HANSON : The fantasy house of Mark Carney,https://torontosun.com/opinion/columnists/hanson-the-fantasy-house-of-mark-carney,torontosun.com,English,,2026-09-20T22:30:00+00:00,2026-10-06T21:24:22+00:00,,gdelt,titular/metadatos
G265e302d7c,HANSON : The fantasy house of Mark Carney,https://edmontonsun.com/opinion/columnists/hanson-the-fantasy-house-of-mark-carney/wcm/2d2bd292-601c-43e8-bec2-a8ae76b1c7f4,edmontonsun.com,English,,2026-09-21T18:15:00+00:00,2026-10-06T21:24:22+00:00,,gdelt,titular/metadatos
Gace0f27a0b,HANSON : The fantasy house of Mark Carney,https://calgarysun.com/opinion/columnists/hanson-the-fantasy-house-of-mark-carney/wcm/70567b6b-37c3-42c9-8a97-ee7068a98c70,calgarysun.com,English,,2026-09-21T09:15:00+00:00,2026-10-06T21:24:22+00:00,,gdelt,titular/metadatos
Gfd28637fca,Asia - US container rates surge on extended peak season demand ; liquid tanker rates mixed,https://www.hellenicshippingnews.com/asia-us-container-rates-surge-on-extended-peak-season-demand-liquid-tanker-rates-mixed/,hellenicshippingnews.com,English,,2026-09-20T23:00:00+00:00,2026-10-06T21:24:22+00:00,,gdelt,titular/metadatos
G7312a28993,"Iran Warns of Retaliation , Says US and Allies Prepare New Attack",https://www.hngn.com/articles/273309/20260920/iran-warns-retaliation-says-us-allies-prepare-new-attack.htm,hngn.com,English,,2026-09-21T02:30:00+00:00,2026-10-06T21:24:22+00:00,,gdelt,titular/metadatos
Ge5e16a8023,Panamá pone la mira en Nueva Zelanda tras cerrar su preparación en India,https://www.prensa.com/deportes/panama-pone-la-mira-en-nueva-zelanda-tras-cerrar-su-preparacion-en-india/,prensa.com,Spanish,,2026-09-27T19:00:00+00:00,2026-10-06T21:24:22+00:00,,gdelt,titular/metadatos
G518b692fbf,Mbappé estará entre 10 y 12 días de baja por una hiperextensión de la rodilla izquierda,https://www.prensa.com/deportes/mbappe-estara-entre-10-y-12-dias-de-baja-por-una-hiperextension-de-la-rodilla-izquierda/,prensa.com,Spanish,,2026-09-27T19:00:00+00:00,2026-10-06T21:24:22+00:00,,gdelt,titular/metadatos
G5300b3ebf1,Una pareja de pandas llega al zoo de Atlanta tras la cumbre de Trump y Xi,https://www.prensa.com/mundo/una-pareja-de-pandas-llega-al-zoo-de-atlanta-tras-la-cumbre-de-trump-y-xi/,prensa.com,Spanish,,2026-09-27T19:00:00+00:00,2026-10-06T21:24:22+00:00,,gdelt,titular/metadatos
Gc41480aa4f,Calambres le quitan el récord de la maratón femenina a Tigst Assefa,https://www.prensa.com/deportes/calambres-le-quitan-el-record-de-la-maraton-femenina-a-tigst-assefa/,prensa.com,Spanish,,2026-09-27T19:00:00+00:00,2026-10-06T21:24:22+00:00,,gdelt,titular/metadatos
G8e75e1c934,Panameño Daniel Espino y su año de debut con Cleveland como campeón divisional,https://www.prensa.com/deportes/panameno-daniel-espino-y-su-ano-de-debut-con-cleveland-como-campeon-divisional/,prensa.com,Spanish,,2026-09-27T19:00:00+00:00,2026-10-06T21:24:22+00:00,,gdelt,titular/metadatos
Gc1ade161cf,La nave Starship ameriza con éxito en costas de Chile después de su primer viaje orbital,https://www.prensa.com/mundo/la-nave-starship-ameriza-con-exito-en-costas-de-chile-despues-de-su-primer-viaje-orbital/,prensa.com,Spanish,,2026-09-28T18:45:00+00:00,2026-10-06T21:24:22+00:00,,gdelt,titular/metadatos
G95f7629279,Panamá aterriza en Tokio para disputar la Copa Kirin 2026,https://www.prensa.com/deportes/panama-aterriza-en-tokio-para-disputar-la-copa-kirin-2026/,prensa.com,Spanish,,2026-09-28T18:45:00+00:00,2026-10-06T21:24:22+00:00,,gdelt,titular/metadatos
Gd3f23dcb3d,"La moda no solo desfila en París , sino que también se muestra en sus museos",https://www.prensa.com/status-k/la-moda-no-solo-desfila-en-paris-sino-que-tambien-se-muestra-en-sus-museos/,prensa.com,Spanish,,2026-09-28T18:45:00+00:00,2026-10-06T21:24:22+00:00,,gdelt,titular/metadatos
G2ff52d0805,El acordeón tiene nuevos reyes : Sebastián Batista y Bruno Hurtado se consagran en el Festival de la Mejorana,https://www.prensa.com/vivir/el-acordeon-tiene-nuevos-reyes-sebastian-batista-y-bruno-hurtado-se-consagran-en-el-festival-de-la-mejorana/,prensa.com,Spanish,,2026-09-28T18:45:00+00:00,2026-10-06T21:24:22+00:00,,gdelt,titular/metadatos
G402392af63,Canal de Panamá aumenta a 33 los tránsitos diarios y a 49 pies el calado máximo,https://www.prensa.com/economia/canal-de-panama-aumenta-a-33-los-transitos-diarios-y-a-49-pies-el-calado-maximo/,prensa.com,Spanish,,2026-09-28T18:45:00+00:00,2026-10-06T21:24:22+00:00,,gdelt,titular/metadatos
G677c6d5bec,China y su afán con Taiwán,https://www.prensa.com/opinion/china-y-su-afan-con-taiwan/,prensa.com,Spanish,,2026-09-28T18:45:00+00:00,2026-10-06T21:24:22+00:00,,gdelt,titular/metadatos
G81c60ca090,Los Cronopios de Julio Cortázar,https://www.prensa.com/status-k/los-cronopios-de-julio-cortazar/,prensa.com,Spanish,,2026-09-28T14:15:00+00:00,2026-10-06T21:24:22+00:00,,gdelt,titular/metadatos
G9f0af6d9cd,Los Broncos remontan un 0 - 16 y fulminan a los Rams,https://www.prensa.com/deportes/los-broncos-remontan-un-0-16-y-fulminan-a-los-rams/,prensa.com,Spanish,,2026-09-28T14:15:00+00:00,2026-10-06T21:24:22+00:00,,gdelt,titular/metadatos
G4d66d9469c,La burla de las reformas electorales,https://www.prensa.com/opinion/la-burla-de-las-reformas-electorales/,prensa.com,Spanish,,2026-09-28T04:30:00+00:00,2026-10-06T21:24:22+00:00,,gdelt,titular/metadatos
G4ee1fd33f1,La suerte está echada,https://www.prensa.com/opinion/la-suerte-esta-echada/,prensa.com,Spanish,,2026-09-28T04:30:00+00:00,2026-10-06T21:24:22+00:00,,gdelt,titular/metadatos
Gf6df6d8a5c,Costa Rica pierde ante Haití y queda al borde de la eliminación en la Liga de Naciones,https://www.prensa.com/deportes/2-0-costa-rica-queda-en-modo-crisis-al-perder-con-haiti/,prensa.com,Spanish,,2026-09-28T04:30:00+00:00,2026-10-06T21:24:22+00:00,,gdelt,titular/metadatos
Gfe8c62e198,Curazao golea a Nicaragua y tiene un pie en los cuartos de final,https://www.prensa.com/deportes/curazao-golea-a-nicaragua-y-tiene-un-pie-en-los-cuartos-de-final/,prensa.com,Spanish,,2026-09-28T04:30:00+00:00,2026-10-06T21:24:22+00:00,,gdelt,titular/metadatos
G906ea01daa,"2 , 643 horas : la carga invisible de la burocracia en Panamá",https://www.prensa.com/opinion/2643-horas-la-carga-invisible-de-la-burocracia-en-panama/,prensa.com,Spanish,,2026-09-28T04:30:00+00:00,2026-10-06T21:24:22+00:00,,gdelt,titular/metadatos
G2013ecc34f,  No defendemos cargo : Balbina Herrera reta a la bancada del PRD por la reforma que le da más poder a Benicio Robinson,https://www.prensa.com/politica/no-defendemos-cargos-balbina-herrera-reta-a-la-bancada-del-prd-por-la-reforma-que-le-da-mas-poder-a-benicio-robinson/,prensa.com,Spanish,,2026-09-28T23:30:00+00:00,2026-10-06T21:24:22+00:00,,gdelt,titular/metadatos
G000ffcbc55,Yankees y Red Sox abren la postemporada apostando por brazos jóvenes,https://www.prensa.com/deportes/yankees-y-red-sox-abren-octubre-apostando-por-brazos-jovenes/,prensa.com,Spanish,,2026-09-28T23:30:00+00:00,2026-10-06T21:24:22+00:00,,gdelt,titular/metadatos
Gfcb74eacbc,70 mil firmas vs . un capricho bocatoreño,https://www.prensa.com/opinion/70-mil-firmas-vs-un-capricho-bocatoreno/,prensa.com,Spanish,,2026-09-28T23:30:00+00:00,2026-10-06T21:24:22+00:00,,gdelt,titular/metadatos
G3729cd38dd,El presunto caso de violación múltiple en una fraternidad que sacude a la prestigiosa Universidad de Cornell,https://www.prensa.com/mundo/el-presunto-caso-de-violacion-multiple-en-una-fraternidad-que-sacude-a-la-prestigiosa-universidad-de-cornell/,prensa.com,Spanish,,2026-09-28T23:30:00+00:00,2026-10-06T21:24:22+00:00,,gdelt,titular/metadatos
G6dacf2f9c5,Del origen del bochinche y la teoría del rumor,https://www.prensa.com/opinion/del-origen-del-bochinche-y-la-teoria-del-rumor/,prensa.com,Spanish,,2026-09-28T23:30:00+00:00,2026-10-06T21:24:22+00:00,,gdelt,titular/metadatos
Gd99e240fce,Italia se reencuentra con el fútbol y golea a Turquía,https://www.prensa.com/deportes/italia-se-reencuentra-con-el-futbol-y-golea-a-turquia/,prensa.com,Spanish,,2026-09-28T23:30:00+00:00,2026-10-06T21:24:22+00:00,,gdelt,titular/metadatos
G3fe95af211,Olise le da una victoria a Francia sin Mbappé en Nations League,https://www.prensa.com/deportes/olise-le-da-una-victoria-a-francia-sin-mbappe-en-nations-league/,prensa.com,Spanish,,2026-09-28T23:30:00+00:00,2026-10-06T21:24:22+00:00,,gdelt,titular/metadatos
G2912ec1ed7,Fugas y explosiones en edificios : ¿ qué pasó con el nuevo reglamento de gas ? ,https://www.prensa.com/sociedad/fugas-y-explosiones-en-edificios-que-paso-con-el-nuevo-reglamento-de-gas/,prensa.com,Spanish,,2026-09-29T07:30:00+00:00,2026-10-06T21:24:22+00:00,,gdelt,titular/metadatos
Gae97839671,El derecho de los niños a equivocarse,https://www.prensa.com/opinion/el-derecho-de-los-ninos-a-equivocarse/,prensa.com,Spanish,,2026-09-29T07:30:00+00:00,2026-10-06T21:24:22+00:00,,gdelt,titular/metadatos
Ge517d0738b,"HEINEKEN Panamá , Anunciante Más Efectivo del Año , conquista el gran Effie y suma un oro , un plata y un bronce | La Prensa Panamá",https://www.prensa.com/contenido-de-marcas/heineken-panama-anunciante-mas-efectivo-del-ano-conquista-el-gran-effie-y-suma-un-oro-un-plata-y-un-bronce/,prensa.com,Spanish,,2026-09-29T07:30:00+00:00,2026-10-06T21:24:22+00:00,,gdelt,titular/metadatos
G9815aa0e33,"La BBC en primera línea de fuego de la guerra civil de Yemen , el conflicto que amenaza la seguridad energética mundial",https://www.prensa.com/mundo/la-bbc-en-primera-linea-de-fuego-de-la-guerra-civil-de-yemen-el-conflicto-que-amenaza-la-seguridad-energetica-mundial/,prensa.com,Spanish,,2026-09-29T07:30:00+00:00,2026-10-06T21:24:22+00:00,,gdelt,titular/metadatos
G1b270aa49a,Hoy por Hoy : Desvergüenza,https://www.prensa.com/opinion/hoy-por-hoy-desverguenza/,prensa.com,Spanish,,2026-09-29T07:30:00+00:00,2026-10-06T21:24:22+00:00,,gdelt,titular/metadatos
Gb6a465c95b,Cambiar las reglas para conservar el poder,https://www.prensa.com/judiciales/cambiar-las-reglas-para-conservar-el-poder/,prensa.com,Spanish,,2026-09-29T07:30:00+00:00,2026-10-06T21:24:22+00:00,,gdelt,titular/metadatos
G333ecf9c60,"El nuevo frente contra Vamos : los partidos presionan al Tribunal Electoral para que no reconozca las 70 , 000 firmas",https://www.prensa.com/politica/el-nuevo-frente-contra-vamos-los-partidos-presionan-al-tribunal-electoral-para-que-no-reconozca-las-70000-firmas/,prensa.com,Spanish,,2026-09-29T07:30:00+00:00,2026-10-06T21:24:22+00:00,,gdelt,titular/metadatos
G846203132b,CSS destituye al médico Fernando Castañeda por afirmaciones sobre la reforma de pensiones,https://www.prensa.com/sociedad/css-destituye-al-medico-fernando-castaneda-por-afirmaciones-sobre-la-reforma-de-pensiones/,prensa.com,Spanish,,2026-09-29T07:30:00+00:00,2026-10-06T21:24:22+00:00,,gdelt,titular/metadatos
G30f43fad54,Una niña prodigio británica de 11 años se convierte en la gran maestra más joven de la historia del ajedrez,https://www.prensa.com/vivir/una-nina-prodigio-britanica-de-11-anos-se-convierte-en-la-gran-maestra-mas-joven-de-la-historia-del-ajedrez/,prensa.com,Spanish,,2026-09-29T07:30:00+00:00,2026-10-06T21:24:22+00:00,,gdelt,titular/metadatos
Gb139b47a4d,"El 44 % de los pacientes diagnosticados con VIH en 2025 , en Panamá , tenía las defensas debilitadas",https://www.prensa.com/sociedad/el-44-de-los-pacientes-diagnosticados-con-vih-en-2025-en-panama-tenia-las-defensas-debilitadas/,prensa.com,Spanish,,2026-09-29T07:30:00+00:00,2026-10-06T21:24:22+00:00,,gdelt,titular/metadatos
G0a92150cfd,Desperdicio de alimentos : Panamá aún desconoce la magnitud del problema,https://www.prensa.com/vivir/desperdicio-de-alimentos-panama-aun-desconoce-la-magnitud-del-problema/,prensa.com,Spanish,,2026-09-29T07:30:00+00:00,2026-10-06T21:24:22+00:00,,gdelt,titular/metadatos
Ga3cfb2a70e,"Caso PPC : el Ministerio Público no avanza , porque espera la ampliación de la auditoría de la Contraloría",https://www.prensa.com/judiciales/caso-ppc-el-ministerio-publico-no-avanza-porque-espera-la-ampliacion-de-la-auditoria-de-la-contraloria/,prensa.com,Spanish,,2026-09-29T07:30:00+00:00,2026-10-06T21:24:22+00:00,,gdelt,titular/metadatos
G10bfae47f2,Tal cual del 29 de septiembre de 2026 | La Prensa Panamá,https://www.prensa.com/opinion/tal-cual-1164/,prensa.com,Spanish,,2026-09-29T07:30:00+00:00,2026-10-06T21:24:22+00:00,,gdelt,titular/metadatos
Gb8e6cbd090,Bryan Ruiz dirige su primer entrenamiento como técnico interino de Costa Rica,https://www.prensa.com/deportes/bryan-ruiz-dirige-su-primer-entrenamiento-como-tecnico-interino-de-costa-rica/,prensa.com,Spanish,,2026-09-29T07:30:00+00:00,2026-10-06T21:24:22+00:00,,gdelt,titular/metadatos
G57a42386f6,El cabello reciclado se convierte en una herramienta ambiental en México,https://www.prensa.com/vivir/el-cabello-reciclado-se-convierte-en-una-herramienta-ambiental-en-mexico/,prensa.com,Spanish,,2026-09-28T23:30:00+00:00,2026-10-06T21:24:22+00:00,,gdelt,titular/metadatos
G38c5fdc693,Competitividad : ¿ quién está sentado en la mesa ? ,https://www.prensa.com/opinion/competitividad-quien-esta-sentado-en-la-mesa/,prensa.com,Spanish,,2026-09-28T23:30:00+00:00,2026-10-06T21:24:22+00:00,,gdelt,titular/metadatos
G2072c884bf,La cabra siempre tira pal monte | La Prensa Panamá,https://www.prensa.com/opinion/la-cabra-siempre-tira-pal-monte/,prensa.com,Spanish,,2026-09-28T23:30:00+00:00,2026-10-06T21:24:22+00:00,,gdelt,titular/metadatos
G6e53290ee6,Hombre embestido por un toro en el Festival de la Mejorana se mantiene hospitalizado,https://www.prensa.com/sociedad/hombre-embestido-por-un-toro-en-el-festival-de-la-mejorana-se-mantiene-hospitalizado/,prensa.com,Spanish,,2026-09-28T23:30:00+00:00,2026-10-06T21:24:22+00:00,,gdelt,titular/metadatos
G9d8fed2ffd,La crisis en Ceuta dispara los intentos de cruce del Estrecho hacia la España peninsular,https://www.prensa.com/mundo/la-crisis-en-ceuta-dispara-los-intentos-de-cruce-del-estrecho-hacia-la-espana-peninsular/,prensa.com,Spanish,,2026-09-28T23:30:00+00:00,2026-10-06T21:24:22+00:00,,gdelt,titular/metadatos
G96304a0a4c,León XIV dice que la Iglesia tiene la responsabilidad de ayudar a las víctimas de abusos,https://www.prensa.com/mundo/leon-xiv-dice-que-la-iglesia-tiene-la-responsabilidad-de-ayudar-a-las-victimas-de-abusos/,prensa.com,Spanish,,2026-09-28T23:30:00+00:00,2026-10-06T21:24:22+00:00,,gdelt,titular/metadatos
G2e08edd49b,"La deuda pública llegará a $64 , 000 millones en 2027 ; crecerá a un ritmo más lento",https://www.prensa.com/economia/la-deuda-publica-llegara-a-64000-millones-en-2027-crecera-a-un-ritmo-mas-lento/,prensa.com,Spanish,,2026-09-28T23:30:00+00:00,2026-10-06T21:24:22+00:00,,gdelt,titular/metadatos
G61a62cc85a,El agujero financiero de Unachi : $7 . 7 millones para salarios y $18 millones que adeuda a la CSS,https://www.prensa.com/politica/el-agujero-financiero-de-unachi-77-millones-para-salarios-y-18-millones-que-adeuda-a-la-css/,prensa.com,Spanish,,2026-09-28T18:45:00+00:00,2026-10-06T21:24:22+00:00,,gdelt,titular/metadatos
G7fbbbeb5f0,Cristiano Ronaldo abandona abruptamente la concentración de Portugal y promete contar  la verdad  ,https://www.prensa.com/deportes/cristiano-ronaldo-abandona-abruptamente-la-concentracion-de-portugal-y-promete-contar-la-verdad/,prensa.com,Spanish,,2026-09-30T22:45:00+00:00,2026-10-06T21:24:22+00:00,,gdelt,titular/metadatos
G5bbec630a7,"El Salvador convoca a las elecciones de 2027 , en las que Bukele buscará un tercer mandato",https://www.prensa.com/mundo/el-salvador-convoca-a-las-elecciones-de-2027-en-las-que-bukele-buscara-un-tercer-mandato/,prensa.com,Spanish,,2026-09-30T22:45:00+00:00,2026-10-06T21:24:22+00:00,,gdelt,titular/metadatos
G08c2fa89f4, ¿ Qué traerá la caja navideña ?: IMA confirma 500 mil jamones y nuevos productos,https://www.prensa.com/economia/que-traera-la-caja-navidena-ima-confirma-500-mil-jamones-y-nuevos-productos/,prensa.com,Spanish,,2026-09-30T22:45:00+00:00,2026-10-06T21:24:22+00:00,,gdelt,titular/metadatos
Gf723a6a06d,Josué Vergara se unirá a la Selección de Panamá en Japón,https://www.prensa.com/deportes/josue-vergara-se-unira-a-la-seleccion-de-panama-en-japon/,prensa.com,Spanish,,2026-09-30T22:45:00+00:00,2026-10-06T21:24:22+00:00,,gdelt,titular/metadatos
Ge446913e8a,Entre pixbae y café geisha : la noche en que Latinoamérica se sentó en la mesa de Panamá,https://www.prensa.com/vivir/entre-pixbae-y-cafe-geisha-la-noche-en-que-latinoamerica-se-sento-en-la-mesa-de-panama/,prensa.com,Spanish,,2026-09-30T22:45:00+00:00,2026-10-06T21:24:22+00:00,,gdelt,titular/metadatos
G6c1d1a135e,Nuestra posición geográfica y nuestros puertos,https://www.prensa.com/opinion/nuestra-posicion-geografica-y-nuestros-puertos/,prensa.com,Spanish,,2026-09-30T22:45:00+00:00,2026-10-06T21:24:22+00:00,,gdelt,titular/metadatos
Ga02663d71f,La gasolina subirá de precio otra vez ; el diésel baja,https://www.prensa.com/economia/la-gasolina-subira-de-precio-otra-vez-el-diesel-baja/,prensa.com,Spanish,,2026-09-30T22:45:00+00:00,2026-10-06T21:24:22+00:00,,gdelt,titular/metadatos
G04ceaece4a,  Cierre ordenado  de la mina abre el debate sobre cuánto tiempo tendría que operar el proyecto,https://www.prensa.com/economia/cierre-ordenado-de-la-mina-abre-el-debate-sobre-cuanto-tendria-que-operar-el-proyecto/,prensa.com,Spanish,,2026-09-30T22:45:00+00:00,2026-10-06T21:24:22+00:00,,gdelt,titular/metadatos
Gd32440553f,El piloto funcionó . ¿ Y ahora qué ? ,https://www.prensa.com/opinion/el-piloto-funciono-y-ahora-que/,prensa.com,Spanish,,2026-09-30T22:45:00+00:00,2026-10-06T21:24:22+00:00,,gdelt,titular/metadatos
G2ea356f3fb,Cilia Flores vuelve a pedir libertad bajo fianza por el deterioro de su salud en Estados Unidos,https://www.prensa.com/mundo/cilia-flores-vuelve-a-pedir-libertad-bajo-fianza-por-el-deterioro-de-su-salud-en-estados-unidos/,prensa.com,Spanish,,2026-09-30T22:45:00+00:00,2026-10-06T21:24:22+00:00,,gdelt,titular/metadatos
G0408911f2c,Qué se sabe sobre la presunta violación grupal a una estudiante en una fraternidad de la prestigiosa Universidad de Cornell,https://www.prensa.com/mundo/que-se-sabe-sobre-la-presunta-violacion-grupal-a-una-estudiante-en-una-fraternidad-de-la-prestigiosa-universidad-de-cornell/,prensa.com,Spanish,,2026-09-30T22:45:00+00:00,2026-10-06T21:24:22+00:00,,gdelt,titular/metadatos
G1e89aa2d36,El panameño Jaime Barría se une a Estrellas Orientales,https://www.prensa.com/deportes/el-panameno-jaime-barria-se-une-a-estrellas-orientales/,prensa.com,Spanish,,2026-09-30T22:45:00+00:00,2026-10-06T21:24:22+00:00,,gdelt,titular/metadatos
G23272ef903,Acciones de First Quantum Minerals registran fuerte volatilidad tras informe que recomienda cierre ordenado de la mina de Donoso,https://www.prensa.com/economia/first-quantum-dispuesta-a-negociar-con-el-gobierno-sobre-el-futuro-de-la-mina/,prensa.com,Spanish,,2026-09-30T22:45:00+00:00,2026-10-06T21:24:22+00:00,,gdelt,titular/metadatos
G2a20813b46,Aprehenden a exfiscalizador de la Contraloría por presunto peculado en Junta Comunal de Barrio Sur,https://www.prensa.com/judiciales/aprehenden-a-exfiscalizador-de-la-contraloria-por-presunto-peculado-en-junta-comunal-de-barrio-sur/,prensa.com,Spanish,,2026-09-30T22:45:00+00:00,2026-10-06T21:24:22+00:00,,gdelt,titular/metadatos
G2edf937185,Netanyahu afirma que un piloto apuñaló a otro durante un vuelo con destino a Israel y  aparentemente intentó estrellar el avión  ,https://www.prensa.com/mundo/netanyahu-afirma-que-un-piloto-apunalo-a-otro-durante-un-vuelo-con-destino-a-israel-y-aparentemente-intento-estrellar-el-avion/,prensa.com,Spanish,,2026-09-30T22:45:00+00:00,2026-10-06T21:24:22+00:00,,gdelt,titular/metadatos
Gbaa6e81001,Comisión Interministerial recomienda al presidente Mulino un  cierre ordenado  de la mina de Donoso,https://www.prensa.com/economia/en-directo-comision-interministerial-presenta-recomendaciones-al-presidente-mulino-sobre-la-mina-de-donoso/,prensa.com,Spanish,,2026-09-30T15:00:00+00:00,2026-10-06T21:24:22+00:00,,gdelt,titular/metadatos
Gc607da3327,Pandillerismo : capturan a 10 presuntos implicados en homicidios y drogas en el sector de La Favela,https://www.prensa.com/judiciales/pandillerismo-capturan-a-10-presuntos-implicados-en-homicidios-y-drogas-en-el-sector-de-la-favela/,prensa.com,Spanish,,2026-09-30T15:00:00+00:00,2026-10-06T21:24:22+00:00,,gdelt,titular/metadatos
Ga1bfbcd43c,Cuatro astronautas intentarán este jueves el viaje más rápido de Estados Unidos a la EEI,https://www.prensa.com/mundo/cuatro-astronautas-intentaran-este-jueves-el-viaje-mas-rapido-de-estados-unidos-a-la-eei/,prensa.com,Spanish,,2026-09-30T18:45:00+00:00,2026-10-06T21:24:22+00:00,,gdelt,titular/metadatos
Gc1d29bc677,La cacería del pez león en las costas de Colón,https://www.prensa.com/sociedad/la-caceria-del-pez-leon-en-las-costas-de-colon/,prensa.com,Spanish,,2026-09-30T18:45:00+00:00,2026-10-06T21:24:22+00:00,,gdelt,titular/metadatos
Gc7514b0c29,"Incendio en una barraca en Santa Cruz , Curundú , deja unas 18 familias afectadas",https://www.prensa.com/sociedad/reportan-incendio-en-una-barraca-en-santa-cruz-curundu/,prensa.com,Spanish,,2026-09-30T18:45:00+00:00,2026-10-06T21:24:22+00:00,,gdelt,titular/metadatos
Gd4404cc9ed,"Cúpula del PRD , liderada por Benicio Robinson , censura a Balbina Herrera",https://www.prensa.com/politica/cupula-del-prd-liderada-por-benicio-robinson-censura-a-balbina-herrera/,prensa.com,Spanish,,2026-09-30T18:45:00+00:00,2026-10-06T21:24:22+00:00,,gdelt,titular/metadatos
G78a9f81e6e,Michael Amir Murillo y Jorge Gutiérrez anticipan un duelo más exigente ante Nueva Zelanda,https://www.prensa.com/deportes/michael-amir-murillo-y-jorge-gutierrez-anticipan-un-duelo-mas-exigente-ante-nueva-zelanda/,prensa.com,Spanish,,2026-09-30T18:45:00+00:00,2026-10-06T21:24:22+00:00,,gdelt,titular/metadatos
G669f5013aa,"Raphinha , liberado por Brasil por una lesión leve , regresa a Barcelona",https://www.prensa.com/deportes/raphinha-liberado-por-brasil-por-una-lesion-leve-regresa-a-barcelona/,prensa.com,Spanish,,2026-09-30T18:45:00+00:00,2026-10-06T21:24:22+00:00,,gdelt,titular/metadatos
G02967139cf,Nueva York reporta un impacto económico de 2 mil millones debido al Mundial de la FIFA,https://www.prensa.com/deportes/nueva-york-reporta-un-impacto-economico-de-2-mil-millones-debido-al-mundial-de-la-fifa/,prensa.com,Spanish,,2026-09-30T18:45:00+00:00,2026-10-06T21:24:22+00:00,,gdelt,titular/metadatos
G5d1958a2f8,Arroz : productores descartan desabastecimiento pese a caída en la siembra e implementan tecnología contra el cambio climático,https://www.prensa.com/economia/arroz-productores-descartan-desabastecimiento-pese-a-caida-en-la-siembra-e-implementan-tecnologia-contra-el-cambio-climatico/,prensa.com,Spanish,,2026-09-30T18:45:00+00:00,2026-10-06T21:24:22+00:00,,gdelt,titular/metadatos
G97553e3d42,X2 : cómo es la montaña rusa cerrada en el parque Six Flags de California y qué se sabe de las denuncias por lesiones cerebrales,https://www.prensa.com/mundo/x2-como-es-la-montana-rusa-cerrada-en-el-parque-six-flags-de-california-y-que-se-sabe-de-las-denuncias-por-lesiones-cerebrales/,prensa.com,Spanish,,2026-09-30T18:45:00+00:00,2026-10-06T21:24:22+00:00,,gdelt,titular/metadatos
G8c35387ddd,Fallece el maestro Cristóbal Toby Muñoz a los 82 años,https://www.prensa.com/vivir/fallece-el-maestro-cristobal-toby-munoz-a-los-82-anos/,prensa.com,Spanish,,2026-09-30T18:45:00+00:00,2026-10-06T21:24:22+00:00,,gdelt,titular/metadatos
Ge6f6be8575,Un juez argentino vincula el atentado contra la AMIA con la explosión del vuelo de Alas Chiricanas,https://www.prensa.com/judiciales/un-juez-argentino-vincula-el-atentado-contra-la-amia-con-la-explosion-del-vuelo-de-alas-chiricanas/,prensa.com,Spanish,,2026-10-01T06:00:00+00:00,2026-10-06T21:24:22+00:00,,gdelt,titular/metadatos
Gd573f719dc,Ellas se vacunaron primero y esto es lo que nos contaron,https://www.prensa.com/opinion/ellas-se-vacunaron-primero-y-esto-es-lo-que-nos-contaron/,prensa.com,Spanish,,2026-10-01T06:00:00+00:00,2026-10-06T21:24:22+00:00,,gdelt,titular/metadatos
G2bbe7f2244,Estabilidad para seguir gastando,https://www.prensa.com/opinion/estabilidad-para-seguir-gastando/,prensa.com,Spanish,,2026-10-01T06:00:00+00:00,2026-10-06T21:24:22+00:00,,gdelt,titular/metadatos
G283f8bcfa7,MiBus tiene 306 autobuses fuera de servicio ; 171 tienen más de 15 años,https://www.prensa.com/sociedad/mibus-tiene-306-autobuses-fuera-de-servicio-171-tienen-mas-de-15-anos/,prensa.com,Spanish,,2026-10-01T06:00:00+00:00,2026-10-06T21:24:22+00:00,,gdelt,titular/metadatos
G708282b16c, ¿ Abrir la mina para pagar su cierre ? La ruta que plantea la Comisión para Donoso,https://www.prensa.com/economia/abrir-la-mina-para-pagar-su-cierre-la-ruta-que-plantea-la-comision-para-donoso/,prensa.com,Spanish,,2026-10-01T06:00:00+00:00,2026-10-06T21:24:22+00:00,,gdelt,titular/metadatos
Gc5267f9163,Educación financiera que permanece : BAC fortalece emprendimientos en seis comarcas y territorios | La Prensa Panamá,https://www.prensa.com/contenido-de-marcas/educacion-financiera-que-permanece-bac-fortalece-emprendimientos-en-seis-comarcas-y-territorios/,prensa.com,Spanish,,2026-10-01T06:00:00+00:00,2026-10-06T21:24:22+00:00,,gdelt,titular/metadatos
G050600cde4,  Eso no es nuevo : Balbina Herrera recuerda que Robinson ya intentó quedarse con la representación legal del PRD en 2015,https://www.prensa.com/politica/eso-no-es-nuevo-balbina-herrera-recuerda-que-robinson-ya-intento-quedarse-con-la-representacion-legal-del-prd-en-2015/,prensa.com,Spanish,,2026-10-01T06:00:00+00:00,2026-10-06T21:24:22+00:00,,gdelt,titular/metadatos
Gdd4829b82a,Se estanca el segundo debate de reformas electorales por discrepancias en el texto,https://www.prensa.com/politica/se-estanca-el-segundo-debate-de-reformas-electorales-por-discrepancias-en-el-texto/,prensa.com,Spanish,,2026-10-01T06:00:00+00:00,2026-10-06T21:24:22+00:00,,gdelt,titular/metadatos
Ge896816182,Los océanos sumaron en 2025 calor adicional igual a 40 veces el consumo mundial de energía,https://www.prensa.com/mundo/los-oceanos-sumaron-en-2025-calor-adicional-igual-a-40-veces-el-consumo-mundial-de-energia/,prensa.com,Spanish,,2026-10-01T06:00:00+00:00,2026-10-06T21:24:22+00:00,,gdelt,titular/metadatos
G2638a710a3,"Las llaves del Palacio presidencial brasileño , en manos de los votantes indecisos",https://www.prensa.com/mundo/las-llaves-del-palacio-presidencial-brasileno-en-manos-de-los-votantes-indecisos/,prensa.com,Spanish,,2026-10-01T06:00:00+00:00,2026-10-06T21:24:22+00:00,,gdelt,titular/metadatos
G582d766fba,Panamá cae en penales ante Nueva Zelanda en las semifinales de la Copa Kirin,https://www.prensa.com/deportes/panama-cae-en-penales-ante-nueva-zelanda-en-las-semifinales-de-la-copa-kirin/,prensa.com,Spanish,,2026-10-01T10:00:00+00:00,2026-10-06T21:24:22+00:00,,gdelt,titular/metadatos
G116e42d453,Edmundo Sosa sale lesionado en triunfo de los Filis de Filadelfia,https://www.prensa.com/deportes/edmundo-sosa-sale-lesionado-en-triunfo-de-los-filis-de-filadelfia/,prensa.com,Spanish,,2026-10-01T02:15:00+00:00,2026-10-06T21:24:22+00:00,,gdelt,titular/metadatos
Gbab7462759,"Entre la calle y la recuperación : la hoja de ruta para atender a 1 , 050 personas",https://www.prensa.com/sociedad/entre-la-calle-y-la-recuperacion-la-hoja-de-ruta-para-atender-a-1050-personas/,prensa.com,Spanish,,2026-10-01T02:15:00+00:00,2026-10-06T21:24:22+00:00,,gdelt,titular/metadatos
Ga22d8cd527,Tratados Torrijos - Carter : entresijos de la historia,https://www.prensa.com/opinion/tratados-torrijos-carter-entresijos-de-la-historia/,prensa.com,Spanish,,2026-10-01T02:15:00+00:00,2026-10-06T21:24:22+00:00,,gdelt,titular/metadatos
Gd2394ffcb2,La ciencia que no sale en televisión,https://www.prensa.com/opinion/la-ciencia-que-no-sale-en-television/,prensa.com,Spanish,,2026-10-01T02:15:00+00:00,2026-10-06T21:24:22+00:00,,gdelt,titular/metadatos
G0de3c69874,Corte no admite recurso de nulidad contra lema  Con paso firme  en placas de circulación vehicular,https://www.prensa.com/judiciales/corte-no-admite-recurso-de-nulidad-contra-lema-con-paso-firme-en-placas-de-circulacion-vehicular/,prensa.com,Spanish,,2026-10-01T02:15:00+00:00,2026-10-06T21:24:22+00:00,,gdelt,titular/metadatos
G9e4ee13b85,La desestabilización social también cabe en un bolsillo,https://www.prensa.com/opinion/la-desestabilizacion-social-tambien-cabe-en-un-bolsillo/,prensa.com,Spanish,,2026-10-01T02:15:00+00:00,2026-10-06T21:24:22+00:00,,gdelt,titular/metadatos
Ge96862b06f,Educación : creatividad y compromiso,https://www.prensa.com/opinion/educacion-creatividad-y-compromiso/,prensa.com,Spanish,,2026-10-01T02:15:00+00:00,2026-10-06T21:24:22+00:00,,gdelt,titular/metadatos
Gbb9e4b3f2e,Gobierno proyecta un lago artificial en el parque Omar,https://www.prensa.com/politica/gobierno-proyecta-un-lago-artificial-en-el-parque-omar/,prensa.com,Spanish,,2026-10-01T02:15:00+00:00,2026-10-06T21:24:22+00:00,,gdelt,titular/metadatos
G125cc39dca, ¿ El Tigre dormido ? Cómo Panamá puede recuperar el milagro económico americano,https://www.prensa.com/opinion/el-tigre-dormido-como-panama-puede-recuperar-el-milagro-economico-americano/,prensa.com,Spanish,,2026-10-01T02:15:00+00:00,2026-10-06T21:24:22+00:00,,gdelt,titular/metadatos
Gc965c03535,Argentina golea a Bolivia en el primer partido de la era post Messi,https://www.prensa.com/deportes/argentina-golea-a-bolivia-en-el-primer-partido-de-la-era-post-messi/,prensa.com,Spanish,,2026-10-01T06:00:00+00:00,2026-10-06T21:24:22+00:00,,gdelt,titular/metadatos
Ga44e5972b8,Ecuador pierde en los penaltis ante Japón y se medirá a Panamá,https://www.prensa.com/deportes/ecuador-pierde-en-los-penaltis-ante-japon-en-la-semifinal-de-la-copa-kirin/,prensa.com,Spanish,,2026-10-01T18:45:00+00:00,2026-10-06T21:24:22+00:00,,gdelt,titular/metadatos
G901880ea12,Lorena Castillo revela el duro episodio de salud que enfrentó : pasó tres días sin comer ni tomar agua,https://www.midiario.com/farandula/lorena-castillo-revela-el-duro-episodio-de-salud-que-enfrento-paso-tres-dias-sin-comer-ni-tomar-agua/?mrfcid=202609256aab9e019ea55527920b0635,midiario.com,Spanish,,2026-09-27T05:00:00+00:00,2026-10-06T21:24:22+00:00,,gdelt,titular/metadatos
G3219dfd8df,"Dengue da un respiro en Panamá , aunque Metropolitana y Colón siguen bajo presión",https://www.midiario.com/nacionales/dengue-da-un-respiro-en-panama-aunque-metropolitana-y-colon-siguen-bajo-presion/,midiario.com,Spanish,,2026-09-27T05:15:00+00:00,2026-10-06T21:24:22+00:00,,gdelt,titular/metadatos
G8673341b1e,España no perdona a Inglaterra y Yamal prende la remontada en Wembley,https://www.midiario.com/deportivas/espana-no-perdona-a-inglaterra-y-yamal-prende-la-remontada-en-wembley/,midiario.com,Spanish,,2026-09-27T05:15:00+00:00,2026-10-06T21:24:22+00:00,,gdelt,titular/metadatos
G0e54c67f9b,Thomas Christiansen aprieta el paso y Panamá ya piensa en el Kirin Cup,https://www.midiario.com/deportivas/thomas-christiansen-aprieta-el-paso-y-panama-ya-piensa-en-el-kirin-cup/,midiario.com,Spanish,,2026-09-27T05:15:00+00:00,2026-10-06T21:24:22+00:00,,gdelt,titular/metadatos
G35d6695d35,Dos muertos y 14 desaparecidos tras avalancha en el Himalaya,https://www.midiario.com/mundo/dos-muertos-y-14-desaparecidos-tras-avalancha-en-el-himalaya/,midiario.com,Spanish,,2026-09-27T19:45:00+00:00,2026-10-06T21:24:22+00:00,,gdelt,titular/metadatos
G4419937687,Tailandia mantiene la cadena perpetua para Daniel Sancho por el asesinato de Edwin Arrieta,https://www.midiario.com/mundo/tailandia-mantiene-la-cadena-perpetua-para-daniel-sancho-por-el-asesinato-de-edwin-arrieta/,midiario.com,Spanish,,2026-09-27T19:45:00+00:00,2026-10-06T21:24:22+00:00,,gdelt,titular/metadatos
G41a551a19d,La bandera de Panamá llegó a 6 mil 263 metros : el cabo que llegó a la cima del Chimborazo,https://www.midiario.com/nacionales/la-bandera-de-panama-llego-a-6-mil-263-metros-el-cabo-que-llego-a-la-cima-del-chimborazo/,midiario.com,Spanish,,2026-09-27T19:45:00+00:00,2026-10-06T21:24:22+00:00,,gdelt,titular/metadatos
G22b1aa565f,IMA anuncia Agroferias para este lunes 28 y martes 29 de septiembre,https://www.midiario.com/nacionales/ima-anuncia-agroferias-para-este-lunes-28-y-martes-29-de-septiembre/,midiario.com,Spanish,,2026-09-27T19:45:00+00:00,2026-10-06T21:24:22+00:00,,gdelt,titular/metadatos
G5aa6496f41,De una pelea de gallos a una lluvia de balas en Los Pueblos : Kathy murió en el ataque y alias  Piri  sobrevivió por segunda vez en menos de nueve días,https://www.midiario.com/policiales/de-una-pelea-de-gallos-a-una-lluvia-de-balas-en-los-pueblos-kathy-murio-en-el-ataque-y-alias-piri-sobrevivio-por-segunda-vez-en-menos-de-nueve-dias/,midiario.com,Spanish,,2026-09-27T19:45:00+00:00,2026-10-06T21:24:22+00:00,,gdelt,titular/metadatos
G3c3b834b70,Apede pide revisar en segundo debate las reformas al Código Electoral,https://www.midiario.com/nacionales/apede-pide-revisar-en-segundo-debate-las-reformas-al-codigo-electoral/,midiario.com,Spanish,,2026-09-27T19:45:00+00:00,2026-10-06T21:24:22+00:00,,gdelt,titular/metadatos
G5c1f26a024,Vanessa Calviño presenta en Lima su libro sobre vocería y advocacy digital,https://www.midiario.com/nacionales/vanessa-calvino-presenta-en-lima-su-libro-sobre-voceria-y-advocacy-digital/,midiario.com,Spanish,,2026-09-27T19:45:00+00:00,2026-10-06T21:24:22+00:00,,gdelt,titular/metadatos
G297577bcac,Cuba lamenta que la ayuda de la ONU no pueda llegar a la isla por  presione de Estados Unidos,https://www.midiario.com/mundo/cuba-lamenta-que-la-ayuda-de-la-onu-no-pueda-llegar-a-la-isla-por-presiones-de-estados-unidos/,midiario.com,Spanish,,2026-09-28T20:00:00+00:00,2026-10-06T21:24:22+00:00,,gdelt,titular/metadatos
Gee4f151a00,"TERROR EN PLENA CALLE : Persiguieron a  Niño selva  hasta Perejil , sacaron a la mujer y lo mataron a tiros",https://www.midiario.com/policiales/terror-en-plena-calle-lo-persiguieron-hasta-perejil-sacaron-a-su-acompanante-y-lo-mataron-a-tiros/,midiario.com,Spanish,,2026-09-28T20:00:00+00:00,2026-10-06T21:24:22+00:00,,gdelt,titular/metadatos
G956af60911,  Indian Music  hace historia : así Panamá tiene su nuevo triple coronado de la hípica,https://www.midiario.com/deportivas/indian-music-hace-historia-asi-panama-tiene-su-nuevo-triple-coronado-de-la-hipica/,midiario.com,Spanish,,2026-09-28T20:00:00+00:00,2026-10-06T21:24:22+00:00,,gdelt,titular/metadatos
Gca9646196d,  Wonder Lady  se voló el Clásico  Sociedad de Dueños de Caballos,https://www.midiario.com/deportivas/wonder-lady-se-volo-el-clasico-sociedad-de-duenos-de-caballos/,midiario.com,Spanish,,2026-09-28T20:00:00+00:00,2026-10-06T21:24:22+00:00,,gdelt,titular/metadatos
Gc11ee375a0,"TREMENDO SUSTO . Lo montaron en un taxi en Curundú , pero el pasajero ya estaba muerto",https://www.midiario.com/policiales/tremendo-susto-lo-montaron-en-un-taxi-en-curundu-pero-el-pasajero-ya-estaba-muerto/,midiario.com,Spanish,,2026-09-28T20:00:00+00:00,2026-10-06T21:24:22+00:00,,gdelt,titular/metadatos
G99bbf66b75,Estudiantes y docentes de la UTP donan sangre para pacientes en Chiriquí,https://www.midiario.com/nacionales/estudiantes-y-docentes-de-la-utp-donan-sangre-para-pacientes-en-chiriqui/,midiario.com,Spanish,,2026-09-29T01:00:00+00:00,2026-10-06T21:24:22+00:00,,gdelt,titular/metadatos
Gc644d85623,San Miguelito realiza jornada de salud gratuita para cientos de residentes,https://www.midiario.com/nacionales/san-miguelito-realiza-jornada-de-salud-gratuita-para-cientos-de-residentes/,midiario.com,Spanish,,2026-09-29T01:00:00+00:00,2026-10-06T21:24:22+00:00,,gdelt,titular/metadatos
G80c098ea4b,"Revisan medidas ambientales en obras de Macaracas , Tonosí y Ocú",https://www.midiario.com/nacionales/revisan-medidas-ambientales-en-obras-de-macaracas-tonosi-y-ocu/,midiario.com,Spanish,,2026-09-29T01:00:00+00:00,2026-10-06T21:24:22+00:00,,gdelt,titular/metadatos
Gaf0bfdb07b,Lo buscaban por presunto delito sexual contra una menor y cayó en Guna Yala,https://www.midiario.com/nacionales/lo-buscaban-por-presunto-delito-sexual-contra-una-menor-y-cayo-en-guna-yala/,midiario.com,Spanish,,2026-09-29T01:00:00+00:00,2026-10-06T21:24:22+00:00,,gdelt,titular/metadatos
G20af764f6e,Elliot Page sorprende con una sesión de fotos en unos tradicionales baños de Nueva York,https://www.midiario.com/farandula/elliot-page-sorprende-con-una-sesion-de-fotos-en-unos-tradicionales-banos-de-nueva-york/,midiario.com,Spanish,,2026-09-29T01:00:00+00:00,2026-10-06T21:24:22+00:00,,gdelt,titular/metadatos
Ge45c73018a,Banda Independiente Veraguas celebra 18 años con desfile nocturno en Santiago,https://www.midiario.com/nacionales/banda-independiente-veraguas-celebra-18-anos-con-desfile-nocturno-en-santiago/,midiario.com,Spanish,,2026-09-29T01:00:00+00:00,2026-10-06T21:24:22+00:00,,gdelt,titular/metadatos
G4f66c9142d,Una descarga eléctrica terminó en tragedia : un muerto y cuatro heridos en El Polvorín,https://www.midiario.com/policiales/una-descarga-electrica-termino-en-tragedia-un-muerto-y-cuatro-heridos-en-el-polvorin/,midiario.com,Spanish,,2026-09-29T01:00:00+00:00,2026-10-06T21:24:22+00:00,,gdelt,titular/metadatos
G105807959a,CSS destituye al doctor Fernando Castañeda,https://www.midiario.com/nacionales/css-destituye-al-doctor-fernando-castaneda/,midiario.com,Spanish,,2026-09-29T01:00:00+00:00,2026-10-06T21:24:22+00:00,,gdelt,titular/metadatos
Gb630cda660,Despacho de la primera dama manejará $4 . 4 millones en 2027,https://www.midiario.com/nacionales/despacho-de-la-primera-dama-manejara-44-millones-en-2027/,midiario.com,Spanish,,2026-09-29T01:00:00+00:00,2026-10-06T21:24:22+00:00,,gdelt,titular/metadatos
G67432a891e, ¿ Qué pasó con el hombre hallado muerto en un vehículo ? Dos ciudadanos fueron aprehendidos en El Chirú,https://www.midiario.com/policiales/que-paso-con-el-hombre-hallado-muerto-en-un-vehiculo-dos-ciudadanos-fueron-aprehendidos-en-el-chiru/,midiario.com,Spanish,,2026-09-29T01:00:00+00:00,2026-10-06T21:24:22+00:00,,gdelt,titular/metadatos
Ge5d8b9ae9e,Detectan más de 10 mil dólares en efectivo a pasajera cubana en Panamá Pacífico,https://www.midiario.com/nacionales/detectan-mas-de-10-mil-dolares-en-efectivo-a-pasajera-cubana-en-panama-pacifico/,midiario.com,Spanish,,2026-09-29T01:00:00+00:00,2026-10-06T21:24:22+00:00,,gdelt,titular/metadatos
Gbedfa3e917,PRD censura a Balbina Herrera,https://www.midiario.com/nacionales/prd-censura-a-balbina-herrera/,midiario.com,Spanish,,2026-09-30T19:00:00+00:00,2026-10-06T21:24:22+00:00,,gdelt,titular/metadatos
G413b920d06,Incendio golpea barraca en Curundú,https://www.midiario.com/nacionales/incendio-golpea-barraca-en-curundu/,midiario.com,Spanish,,2026-09-30T19:00:00+00:00,2026-10-06T21:24:22+00:00,,gdelt,titular/metadatos
Gb9db1ce2ab, ¿ Qué pasará con la mina ? Esto dice el informe entregado a Mulino,https://www.midiario.com/nacionales/que-pasara-con-la-mina-esto-dice-el-informe-entregado-a-mulino/,midiario.com,Spanish,,2026-09-30T19:00:00+00:00,2026-10-06T21:24:22+00:00,,gdelt,titular/metadatos
G6516f91544,Suspenden ejecución de Christa Pike a menos de dos horas de recibir la inyección letal,https://www.midiario.com/mundo/suspenden-ejecucion-de-christa-pike-a-menos-de-dos-horas-de-recibir-la-inyeccion-letal/,midiario.com,Spanish,,2026-09-30T19:00:00+00:00,2026-10-06T21:24:22+00:00,,gdelt,titular/metadatos
Gbd1fdccbdd,Operación Élite llega a  La Favela  y  La Invasión : 10 personas aprehendidas,https://www.midiario.com/policiales/operacion-elite-llega-a-la-favela-y-la-invasion-10-personas-aprehendidas/,midiario.com,Spanish,,2026-09-30T19:00:00+00:00,2026-10-06T21:24:22+00:00,,gdelt,titular/metadatos
G3e124edd98,Panamá afina su arma contra el poderío aéreo de Nueva Zelanda,https://www.midiario.com/deportivas/panama-afina-su-arma-contra-el-poderio-aereo-de-nueva-zelanda/,midiario.com,Spanish,,2026-09-30T19:00:00+00:00,2026-10-06T21:24:22+00:00,,gdelt,titular/metadatos
G354647f5b2,Parque de atracciones Six Flags retira emblemática montaña rusa X2 tras denuncias de lesiones cerebrales,https://www.midiario.com/mundo/parque-de-atracciones-six-flags-retira-emblematica-montana-rusa-x2-tras-denuncias-de-lesiones-cerebrales/,midiario.com,Spanish,,2026-09-30T19:00:00+00:00,2026-10-06T21:24:22+00:00,,gdelt,titular/metadatos
G7715c7d1f7,Netflix estrenará documental sobre Matthew Perry cuando se cumplen tres años de su muerte,https://www.midiario.com/farandula/netflix-estrenara-documental-sobre-matthew-perry-cuando-se-cumplen-tres-anos-de-su-muerte/,midiario.com,Spanish,,2026-09-30T19:00:00+00:00,2026-10-06T21:24:22+00:00,,gdelt,titular/metadatos
Gb871622f13,Tribunal ordena extinción de dominio sobre seis bienes relacionados con Charlie Zaa,https://www.midiario.com/farandula/tribunal-ordena-extincion-de-dominio-sobre-seis-bienes-relacionados-con-charlie-zaa/,midiario.com,Spanish,,2026-09-30T19:00:00+00:00,2026-10-06T21:24:22+00:00,,gdelt,titular/metadatos
Gcfabfe9d58,Muere Cristóbal  Toby  Muñoz,https://www.midiario.com/farandula/muere-cristobal-toby-munoz/,midiario.com,Spanish,,2026-09-30T19:00:00+00:00,2026-10-06T21:24:22+00:00,,gdelt,titular/metadatos
G23bd04a98c,Terror en pleno vuelo : pilotos resultan heridos y avión aterriza de emergencia en Arabia Saudí,https://www.midiario.com/mundo/terror-en-pleno-vuelo-pilotos-resultan-heridos-y-avion-aterriza-de-emergencia-en-arabia-saudi/,midiario.com,Spanish,,2026-09-30T19:00:00+00:00,2026-10-06T21:24:22+00:00,,gdelt,titular/metadatos
G2436156378, ¡ Problema colosal ! El Manchester City puede sacudir al fútbol europeo,https://www.midiario.com/deportivas/problema-colosal-el-manchester-city-puede-sacudir-al-futbol-europeo/,midiario.com,Spanish,,2026-09-30T19:00:00+00:00,2026-10-06T21:24:22+00:00,,gdelt,titular/metadatos
G11cbf5d0e3, ¡ Atención ! SINAPROC advierte que lluvias y tormentas continuarán esta tarde,https://www.telemetro.com/nacionales/atencion-sinaproc-advierte-que-lluvias-y-tormentas-continuaran-esta-tarde-n6093180,telemetro.com,Spanish,,2026-09-27T20:15:00+00:00,2026-10-06T21:24:22+00:00,,gdelt,titular/metadatos
Gf18987f375,"Dijo cuánto dinero llevaba , pero una revisión de Aduanas encontró $500 adicional",https://www.telemetro.com/nacionales/dijo-cuanto-dinero-llevaba-pero-una-revision-aduanas-encontro-500-adicional-n6093178,telemetro.com,Spanish,,2026-09-27T20:15:00+00:00,2026-10-06T21:24:22+00:00,,gdelt,titular/metadatos
G18423186d5,PASE - U 2026 : ¿ quiénes pueden retirar efectivo y quiénes solo pueden comprar con la tarjeta ? ,https://www.telemetro.com/nacionales/pase-u-2026-quienes-pueden-retirar-efectivo-y-quienes-solo-pueden-comprar-la-tarjeta-n6093157,telemetro.com,Spanish,,2026-09-27T15:30:00+00:00,2026-10-06T21:24:22+00:00,,gdelt,titular/metadatos
Gb599e9966a,Pirámide de Chakatín : números del sorteo dominical del 27 de septiembre de 2026,https://www.telemetro.com/entretenimiento/piramide-chakatin-numeros-del-sorteo-dominical-del-27-septiembre-2026-n6093160,telemetro.com,Spanish,,2026-09-27T15:30:00+00:00,2026-10-06T21:24:22+00:00,,gdelt,titular/metadatos
G177632a246,Guerra en Ucrania : ordenan detención provisional de tres dominicanos por presunto reclutamiento,https://www.telemetro.com/nacionales/guerra-ucrania-ordenan-detencion-provisional-tres-dominicanos-presunto-reclutamiento-n6093152,telemetro.com,Spanish,,2026-09-27T15:45:00+00:00,2026-10-06T21:24:22+00:00,,gdelt,titular/metadatos
G88f9d4e27d, ¡ Atención conductores ! Estas vías tendrán cierres nocturnos por trabajos del Cuarto Puente,https://www.telemetro.com/nacionales/atencion-conductores-estas-vias-tendran-cierres-nocturnos-trabajos-del-cuarto-puente-n6093155,telemetro.com,Spanish,,2026-09-27T15:45:00+00:00,2026-10-06T21:24:22+00:00,,gdelt,titular/metadatos
Gc44ec57f99,Fue a ver la finca que recientemente compró y lo asesinan en el camino,https://www.telemetro.com/nacionales/fue-ver-la-finca-que-recientemente-compro-y-lo-asesinan-el-camino-n6093198,telemetro.com,Spanish,,2026-09-28T01:00:00+00:00,2026-10-06T21:24:22+00:00,,gdelt,titular/metadatos
G02c16d400e,"MiAmbiente : más de 3 , 000 voluntarios salen a limpiar playas y ríos de Panamá",https://www.telemetro.com/nacionales/miambiente-mas-3000-voluntarios-salen-limpiar-playas-y-rios-panama-n6093197,telemetro.com,Spanish,,2026-09-28T01:00:00+00:00,2026-10-06T21:24:22+00:00,,gdelt,titular/metadatos
G13ed3c75bc,Incendio en Calidonia : 38 familias reciben ayuda y esperan una solución habitacional,https://www.telemetro.com/nacionales/incendio-calidonia-38-familias-reciben-ayuda-y-esperan-una-solucion-habitacional-n6093199,telemetro.com,Spanish,,2026-09-28T01:00:00+00:00,2026-10-06T21:24:22+00:00,,gdelt,titular/metadatos
G7e84d5bcc5,UNACHI solicita traslado de partida por $7 . 7 millones para pagar planilla vencida,https://www.telemetro.com/nacionales/unachi-solicita-traslado-partida-77-millones-pagar-planilla-vencida-n6093234,telemetro.com,Spanish,,2026-09-28T16:15:00+00:00,2026-10-06T21:24:22+00:00,,gdelt,titular/metadatos
Gd34166c2fe,Precio de la gasolina en Panamá : ¿ hasta cuándo estarán vigentes las tarifas actuales ? ,https://www.telemetro.com/nacionales/precio-la-gasolina-panama-hasta-cuando-estaran-vigentes-las-tarifas-actuales-n6093225,telemetro.com,Spanish,,2026-09-28T16:15:00+00:00,2026-10-06T21:24:22+00:00,,gdelt,titular/metadatos
G8998f1b0ad, ¿ Tu placa ya está lista ? Alcaldía de Panamá informa cuáles pueden retirarse,https://www.telemetro.com/nacionales/tu-placa-ya-esta-lista-alcaldia-panama-informa-cuales-pueden-retirarse-n6093231,telemetro.com,Spanish,,2026-09-28T16:15:00+00:00,2026-10-06T21:24:22+00:00,,gdelt,titular/metadatos
G10426d3f0a, ¿ Debe reabrir Cobre Panamá ? Cámara Minera fija su posición sobre el futuro de la mina,https://www.telemetro.com/nacionales/debe-reabrir-cobre-panama-camara-minera-fija-su-posicion-el-futuro-la-mina-n6093233,telemetro.com,Spanish,,2026-09-28T16:15:00+00:00,2026-10-06T21:24:22+00:00,,gdelt,titular/metadatos
G70fe62bb53,"Fiestas Patrias 2026 : fechas , feriados y días de descanso en Panamá",https://www.telemetro.com/nacionales/fiestas-patrias-2026-fechas-feriados-y-dias-descanso-panama-n6093239,telemetro.com,Spanish,,2026-09-28T16:15:00+00:00,2026-10-06T21:24:22+00:00,,gdelt,titular/metadatos
G4fcdb9bcd9, ¿ Ganaste ? Chakatín pega en el sorteo dominical del 27 de septiembre de 2026,https://www.telemetro.com/entretenimiento/ganaste-chakatin-pega-el-sorteo-dominical-del-27-septiembre-2026-n6093183,telemetro.com,Spanish,,2026-09-27T22:30:00+00:00,2026-10-06T21:24:22+00:00,,gdelt,titular/metadatos
G695df6dda8,Migración impide ingreso a Panamá de extranjero con antecedentes por delitos contra una menor,https://www.telemetro.com/nacionales/migracion-impide-ingreso-panama-extranjero-antecedentes-delitos-contra-una-menor-n6093176,telemetro.com,Spanish,,2026-09-27T20:15:00+00:00,2026-10-06T21:24:22+00:00,,gdelt,titular/metadatos
Gf9fbc70582,IDAAN informa : falta de agua en Pacora afecta a comunidades desde Montemadero hasta Paso Blanco,https://www.telemetro.com/nacionales/idaan-informa-falta-agua-pacora-afecta-comunidades-montemadero-paso-blanco-n6093177,telemetro.com,Spanish,,2026-09-27T20:15:00+00:00,2026-10-06T21:24:22+00:00,,gdelt,titular/metadatos
G2f430972f4,Panamá cambia su estrategia contra el cáncer cervicouterino : estas son las nuevas medidas,https://www.telemetro.com/nacionales/panama-cambia-su-estrategia-contra-el-cancer-cervicouterino-estas-son-las-nuevas-medidas-n6093279,telemetro.com,Spanish,,2026-09-28T19:45:00+00:00,2026-10-06T21:24:22+00:00,,gdelt,titular/metadatos
G6d66c5acba,IMA anuncia agroferia este lunes : conoce los cuatro puntos donde se realizará,https://www.telemetro.com/nacionales/ima-anuncia-agroferia-este-lunes-conoce-los-cuatro-puntos-donde-se-realizara-n6093206,telemetro.com,Spanish,,2026-09-28T15:15:00+00:00,2026-10-06T21:24:22+00:00,,gdelt,titular/metadatos
G4c77cf6482,"IFARHU , becas del Concurso General : ¿ cuándo será el pago y qué se sabe de las tarjetas ? ",https://www.telemetro.com/nacionales/ifarhu-becas-del-concurso-general-cuando-sera-el-pago-y-que-se-sabe-las-tarjetas-n6093224,telemetro.com,Spanish,,2026-09-28T15:15:00+00:00,2026-10-06T21:24:22+00:00,,gdelt,titular/metadatos
G89e39c6471,Yo Me Llamo All Stars : ¿ quién está detrás de Camilo Sesto ? ,https://www.telemetro.com/nacionales/yo-me-llamo-all-stars-quien-esta-detras-camilo-sesto-n6093287,telemetro.com,Spanish,,2026-09-28T21:15:00+00:00,2026-10-06T21:24:22+00:00,,gdelt,titular/metadatos
Ge68becdf80,CEPANIM : MEF revela cuántos beneficiarios han sido atendidos y el monto entregado,https://www.telemetro.com/nacionales/cepanim-mef-revela-cuantos-beneficiarios-han-sido-atendidos-y-el-monto-entregado-n6093288,telemetro.com,Spanish,,2026-09-28T21:15:00+00:00,2026-10-06T21:24:22+00:00,,gdelt,titular/metadatos
G3a3d19d236,Surgen opiniones sobre legalidad de la recolección de firmas de Vamos,https://www.telemetro.com/nacionales/surgen-opiniones-legalidad-la-recoleccion-firmas-vamos-n6093340,telemetro.com,Spanish,,2026-09-29T02:15:00+00:00,2026-10-06T21:24:22+00:00,,gdelt,titular/metadatos
G19cb675d17,Feria Solidaria en el Parque Omar : ¿ Qué habrá y a qué hora será este 2 de octubre ? ,https://www.telemetro.com/nacionales/feria-solidaria-el-parque-omar-que-habra-y-que-hora-sera-este-2-octubre-n6093303,telemetro.com,Spanish,,2026-09-28T22:30:00+00:00,2026-10-06T21:24:22+00:00,,gdelt,titular/metadatos
G0d0c2693dd,Pago PASE - U en PUNCH : ¿ Cómo consultar el saldo en la tarjeta ? ,https://www.telemetro.com/nacionales/pago-pase-u-punch-como-consultar-el-saldo-la-tarjeta-n6093357,telemetro.com,Spanish,,2026-09-29T14:45:00+00:00,2026-10-06T21:24:22+00:00,,gdelt,titular/metadatos
G708d946607,Black Weekend 2026 en Panamá : conoce cuándo será y qué descuentos encontrarás,https://www.telemetro.com/nacionales/black-weekend-2026-panama-conoce-cuando-sera-y-que-descuentos-encontraras-n6093354,telemetro.com,Spanish,,2026-09-29T14:45:00+00:00,2026-10-06T21:24:22+00:00,,gdelt,titular/metadatos
G3d80200c9e,Cuarto Puente : reanudan trabajos tras subsanar hallazgos de seguridad laboral,https://www.telemetro.com/nacionales/cuarto-puente-reanudan-trabajos-subsanar-hallazgos-seguridad-laboral-n6093360,telemetro.com,Spanish,,2026-09-29T14:45:00+00:00,2026-10-06T21:24:22+00:00,,gdelt,titular/metadatos
G1cbd16edc3,Pedregal : aprehenden a mujer por homicidio de un tatuador en su vivienda,https://www.telemetro.com/nacionales/pedregal-aprehenden-mujer-homicidio-un-tatuador-su-vivienda-n6093453,telemetro.com,Spanish,,2026-09-30T01:15:00+00:00,2026-10-06T21:24:22+00:00,,gdelt,titular/metadatos
Gec86d480f7,CSS traslada cirugías de La Chorrera a Ciudad de la Salud y Hospital Nicolás A . Solano,https://www.telemetro.com/nacionales/css-traslada-cirugias-la-chorrera-ciudad-la-salud-y-hospital-nicolas-a-solano-n6093426,telemetro.com,Spanish,,2026-09-29T22:00:00+00:00,2026-10-06T21:24:22+00:00,,gdelt,titular/metadatos
G9e1e5a17a8,De China a España e India : estos son los 10 embajadores recibidos por Mulino,https://www.telemetro.com/nacionales/de-china-espana-e-india-estos-son-los-10-embajadores-recibidos-mulino-n6093433,telemetro.com,Spanish,,2026-09-29T22:00:00+00:00,2026-10-06T21:24:22+00:00,,gdelt,titular/metadatos
G28309dd359,Precio del petróleo de Texas cae 3 . 5 %: ¿ Qué provocó la baja a US$89 . 38 ? ,https://www.telemetro.com/internacionales/precio-del-petroleo-texas-cae-35-que-provoco-la-baja-us8938-n6093430,telemetro.com,Spanish,,2026-09-29T22:00:00+00:00,2026-10-06T21:24:22+00:00,,gdelt,titular/metadatos
G7a7b21d08d,Lionel Messi : dónde ver su último partido con la Selección de Argentina,https://www.telemetro.com/deportes/lionel-messi-donde-ver-su-ultimo-partido-la-seleccion-argentina-n6093391,telemetro.com,Spanish,,2026-09-29T22:00:00+00:00,2026-10-06T21:24:22+00:00,,gdelt,titular/metadatos
Gacd3c4586a,Pago del PASE - U 2026 : lugares de la entrega del IFARHU para este miércoles 30 de septiembre,https://www.telemetro.com/nacionales/pago-del-pase-u-2026-lugares-la-entrega-del-ifarhu-este-miercoles-30-septiembre-n6093371,telemetro.com,Spanish,,2026-09-29T15:45:00+00:00,2026-10-06T21:24:22+00:00,,gdelt,titular/metadatos
Gd5f62a04d8,"Veraguas : hallan maleta con cédula de Jafeth González , joven desaparecido hace un mes",https://www.telemetro.com/nacionales/veraguas-hallan-maleta-cedula-jafeth-gonzalez-joven-desaparecido-hace-un-mes-n6093399,telemetro.com,Spanish,,2026-09-29T22:00:00+00:00,2026-10-06T21:24:22+00:00,,gdelt,titular/metadatos
Gab411b3096,Decir yo soy de Panamá era una cosa tremenda : Mariana España destaca en India y alcanzó el primer lugar,https://www.telemetro.com/nacionales/decir-yo-soy-panama-era-una-cosa-tremenda-mariana-espana-destaca-india-y-alcanzo-el-primer-lugar-n6093431,telemetro.com,Spanish,,2026-09-29T22:00:00+00:00,2026-10-06T21:24:22+00:00,,gdelt,titular/metadatos
Ge15b55e7ef,Lluvias regresan esta tarde : esto pronostica el IMHPA para Panamá,https://www.telemetro.com/nacionales/lluvias-regresan-esta-tarde-esto-pronostica-el-imhpa-panama-n6093356,telemetro.com,Spanish,,2026-09-29T14:45:00+00:00,2026-10-06T21:24:22+00:00,,gdelt,titular/metadatos
G3568f9c171,Gasolina podría subir y el diésel bajar : esto se conoce sobre los próximos precios,https://www.telemetro.com/nacionales/gasolina-podria-subir-y-el-diesel-bajar-esto-se-conoce-los-proximos-precios-n6093346,telemetro.com,Spanish,,2026-09-29T14:45:00+00:00,2026-10-06T21:24:22+00:00,,gdelt,titular/metadatos
G2b5865da85,Lista de celulares que se quedarán sin soporte de WhatsApp a partir del 30 de septiembre,https://www.telemetro.com/actualidad/lista-celulares-que-se-quedaran-soporte-whatsapp-partir-del-30-septiembre-n6093350,telemetro.com,Spanish,,2026-09-29T14:45:00+00:00,2026-10-06T21:24:22+00:00,,gdelt,titular/metadatos
Ge6d244cd04,Parque Nacional Coiba recibe embarcación de más de $530 mil para reforzar vigilancia,https://www.telemetro.com/nacionales/parque-nacional-coiba-recibe-embarcacion-mas-530-mil-reforzar-vigilancia-n6093363,telemetro.com,Spanish,,2026-09-29T14:45:00+00:00,2026-10-06T21:24:22+00:00,,gdelt,titular/metadatos
G23fc3dbe60, ¿ Lo llaman y nadie responde ? Esto debe saber sobre las llamadas silenciosas,https://www.telemetro.com/actualidad/lo-llaman-y-nadie-responde-esto-debe-saber-las-llamadas-silenciosas-n6093348,telemetro.com,Spanish,,2026-09-29T14:45:00+00:00,2026-10-06T21:24:22+00:00,,gdelt,titular/metadatos
G18b4977d43, ¿ Se va Bolillo Gómez ? Yamil Bukele revela lo que le dijo tras el 6 - 0 ante Guatemala,https://www.telemetro.com/deportes/se-va-bolillo-gomez-yamil-bukele-revela-lo-que-le-dijo-el-6-0-guatemala-n6093603,telemetro.com,Spanish,,2026-09-30T22:45:00+00:00,2026-10-06T21:24:22+00:00,,gdelt,titular/metadatos
Ge707d5d6d5,Accidente en San Salvador deja un muerto y 7 heridos tras choque de camión,https://www.telemetro.com/internacionales/accidente-san-salvador-deja-un-muerto-y-7-heridos-choque-camion-n6093608,telemetro.com,Spanish,,2026-09-30T22:45:00+00:00,2026-10-06T21:24:22+00:00,,gdelt,titular/metadatos
G67332a6f71,ATTT multa con B /. 650 a conductor de camión tras accidente en la vía Centenario,https://www.telemetro.com/nacionales/attt-multa-b650-conductor-camion-accidente-la-via-centenario-n6093597,telemetro.com,Spanish,,2026-09-30T22:45:00+00:00,2026-10-06T21:24:22+00:00,,gdelt,titular/metadatos
G7defdc5a8a,Precio de la gasolina en Panamá subirá desde este viernes 16 de octubre,https://www.telemetro.com/nacionales/precio-la-gasolina-panama-subira-este-viernes-16-octubre-n6093555,telemetro.com,Spanish,,2026-09-30T22:45:00+00:00,2026-10-06T21:24:22+00:00,,gdelt,titular/metadatos
G86701c186f,Atención conductores : gasolina sube desde este viernes y así quedan los nuevos precios,https://www.telemetro.com/nacionales/atencion-conductores-gasolina-sube-este-viernes-y-asi-quedan-los-nuevos-precios-n6093609,telemetro.com,Spanish,,2026-09-30T22:45:00+00:00,2026-10-06T21:24:22+00:00,,gdelt,titular/metadatos
G25a1cee6b1,SENAN retira cuatro redes de trasmallo durante veda del camarón en Playa Leona,https://www.telemetro.com/nacionales/senan-retira-cuatro-redes-trasmallo-veda-del-camaron-playa-leona-n6093613,telemetro.com,Spanish,,2026-09-30T22:45:00+00:00,2026-10-06T21:24:22+00:00,,gdelt,titular/metadatos
G3f19ef04e2,"Muere Otto Sirgo a los 79 años , actor de Rosa Salvaje y Lazos de Amor",https://www.telemetro.com/entretenimiento/muere-otto-sirgo-los-79-anos-actor-rosa-salvaje-y-lazos-amor-n6093601,telemetro.com,Spanish,,2026-09-30T22:45:00+00:00,2026-10-06T21:24:22+00:00,,gdelt,titular/metadatos
Gb8d189b18e,Aprehenden a tres personas por presuntas estafas mediante Marketplace,https://www.telemetro.com/nacionales/aprehenden-tres-personas-presuntas-estafas-marketplace-n6093614,telemetro.com,Spanish,,2026-09-30T22:45:00+00:00,2026-10-06T21:24:22+00:00,,gdelt,titular/metadatos
Gbedf9c516c,Clima en Panamá : Pronostican fuertes aguaceros y cambios de tiempo para esta tarde,https://www.telemetro.com/nacionales/clima-panama-el-tiempo-cambia-la-tarde-donde-podrian-registrarse-fuertes-aguaceros-n6093501,telemetro.com,Spanish,,2026-09-30T13:45:00+00:00,2026-10-06T21:24:22+00:00,,gdelt,titular/metadatos
Gc8b0fba205,Canal de Panamá : esta es la millonaria cifra que aportará al Estado en 2027,https://www.telemetro.com/nacionales/canal-panama-esta-es-la-millonaria-cifra-que-aportara-al-estado-2027-n6093556,telemetro.com,Spanish,,2026-09-30T18:30:00+00:00,2026-10-06T21:24:22+00:00,,gdelt,titular/metadatos
Gc3a87d7f5b,"Colegios privados en Panamá : matrículas para 2027 llegan hasta B /. 2 , 223 y anualidades a B /. 7 , 225",https://www.telemetro.com/nacionales/colegios-privados-panama-matriculas-2027-llegan-b2223-y-anualidades-b7225-n6093564,telemetro.com,Spanish,,2026-09-30T18:30:00+00:00,2026-10-06T21:24:22+00:00,,gdelt,titular/metadatos
G1db88f3c6a, ¿ Cómo está el empleo en Panamá ? Presidente afirma que el desempleo baja y sector privado gana terreno,https://www.telemetro.com/nacionales/como-esta-el-empleo-panama-presidente-afirma-que-el-desempleo-baja-y-sector-privado-gana-terreno-n6093508,telemetro.com,Spanish,,2026-09-30T13:45:00+00:00,2026-10-06T21:24:22+00:00,,gdelt,titular/metadatos
Ga9a6e64cd5,Aeropuertos de David y Río Hato : autorizan precalificación para operación y mantenimiento,https://www.telemetro.com/nacionales/aeropuertos-david-y-rio-hato-autorizan-precalificacion-operacion-y-mantenimiento-n6093506,telemetro.com,Spanish,,2026-09-30T13:45:00+00:00,2026-10-06T21:24:22+00:00,,gdelt,titular/metadatos
G99db4ecb6f,Cobre Panamá : Gobierno entrega hoy informe a Mulino y se conocerá el futuro de la mina,https://www.telemetro.com/nacionales/cobre-panama-gobierno-entrega-hoy-informe-mulino-y-se-conocera-el-futuro-la-mina-n6093504,telemetro.com,Spanish,,2026-09-30T13:45:00+00:00,2026-10-06T21:24:22+00:00,,gdelt,titular/metadatos
Gd5e6ed2c8c,Campaña contra el cáncer en Panamá : estas son las actividades programadas para octubre,https://www.telemetro.com/nacionales/campana-contra-el-cancer-panama-estas-son-las-actividades-programadas-octubre-n6093505,telemetro.com,Spanish,,2026-09-30T13:45:00+00:00,2026-10-06T21:24:22+00:00,,gdelt,titular/metadatos
G9b9389dea6,Cobre Panamá : Navarro pide ponerle fecha de cumpleaños al cierre de la mina,https://www.telemetro.com/nacionales/cobre-panama-navarro-pide-ponerle-fecha-cumpleanos-al-cierre-la-mina-n6093525,telemetro.com,Spanish,,2026-09-30T15:30:00+00:00,2026-10-06T21:24:22+00:00,,gdelt,titular/metadatos
G9f6c457482,Cristiano Ronaldo deja la concentración de Portugal y lanza un mensaje : Diré la verdad,https://www.telemetro.com/deportes/cristiano-ronaldo-deja-la-concentracion-portugal-y-lanza-un-mensaje-dire-la-verdad-n6093616,telemetro.com,Spanish,,2026-10-01T01:45:00+00:00,2026-10-06T21:24:22+00:00,,gdelt,titular/metadatos
G786d27f846,Firman convenio para desarrollo del Parque de Amador,https://www.telemetro.com/nacionales/firman-convenio-desarrollo-del-parque-amador-n6093635,telemetro.com,Spanish,,2026-10-01T05:00:00+00:00,2026-10-06T21:24:22+00:00,,gdelt,titular/metadatos
Gc906383dc9, ¿ Qué ocurrió en Macho de Monte ? Sinaproc explica cómo una creciente sorprendió al grupo,https://www.telemetro.com/nacionales/que-ocurrio-macho-monte-sinaproc-explica-como-una-creciente-sorprendio-al-grupo-n6093655,telemetro.com,Spanish,,2026-10-01T13:00:00+00:00,2026-10-06T21:24:22+00:00,,gdelt,titular/metadatos
Gd8468e08bb,Empieza octubre y se acerca el pago de jubilados y pensionados : revise el calendario de la CSS,https://www.telemetro.com/nacionales/empieza-octubre-y-se-acerca-el-pago-jubilados-y-pensionados-revise-el-calendario-la-css-n6093652,telemetro.com,Spanish,,2026-10-01T13:00:00+00:00,2026-10-06T21:24:22+00:00,,gdelt,titular/metadatos
G0f6126609e, ¡ Atención ! Sinaproc mantiene aviso por lluvias y tormentas : ¿ dónde lloverá hoy ? ,https://www.telemetro.com/nacionales/atencion-sinaproc-mantiene-aviso-lluvias-y-tormentas-donde-llovera-hoy-n6093647,telemetro.com,Spanish,,2026-10-01T13:00:00+00:00,2026-10-06T21:24:22+00:00,,gdelt,titular/metadatos
G2011c3b952,Presentan denuncia por irregularidades en manejo de fondos en el Municipio de Arraiján,https://www.telemetro.com/nacionales/presentan-denuncia-irregularidades-manejo-fondos-el-municipio-arraijan-n6093622,telemetro.com,Spanish,,2026-10-01T00:30:00+00:00,2026-10-06T21:24:22+00:00,,gdelt,titular/metadatos
G7099436ec0,Mamografías en Panamá : Minsa amplía atención durante octubre y habilita jornadas los sábados,https://www.telemetro.com/nacionales/mamografias-panama-minsa-amplia-atencion-octubre-y-habilita-jornadas-los-sabados-n6093618,telemetro.com,Spanish,,2026-10-01T00:30:00+00:00,2026-10-06T21:24:22+00:00,,gdelt,titular/metadatos
G1594239ef1,Vásquez considera que decisión final sobre la mina no debe ser solo del Ejecutivo,https://www.telemetro.com/nacionales/vasquez-considera-que-decision-final-la-mina-no-debe-ser-solo-del-ejecutivo-n6093625,telemetro.com,Spanish,,2026-10-01T00:30:00+00:00,2026-10-06T21:24:22+00:00,,gdelt,titular/metadatos
G0564824af2,Retienen vehículo con 50 mil cigarrillos en puesto de control en Chiriquí,https://www.telemetro.com/nacionales/retienen-vehiculo-50-mil-cigarrillos-puesto-control-chiriqui-n6093619,telemetro.com,Spanish,,2026-10-01T01:45:00+00:00,2026-10-06T21:24:22+00:00,,gdelt,titular/metadatos
G926e150077,Director de la Lotería explica pago de dietas a directivos por 64 mil dólares,https://www.telemetro.com/nacionales/director-la-loteria-explica-pago-dietas-directivos-64-mil-dolares-n6093628,telemetro.com,Spanish,,2026-10-01T05:00:00+00:00,2026-10-06T21:24:22+00:00,,gdelt,titular/metadatos
Ga3dc468c40, ¿ Cuándo vuelve a jugar Panamá ? Este será su próximo rival después de Nueva Zelanda,https://www.telemetro.com/deportes/cuando-vuelve-jugar-panama-este-sera-su-proximo-rival-despues-nueva-zelanda-n6093697,telemetro.com,Spanish,,2026-10-01T20:15:00+00:00,2026-10-06T21:24:22+00:00,,gdelt,titular/metadatos
G2383407eac,Meduca y CSS implementarán aulas de clases para niños hospitalizados por largos períodos,https://www.telemetro.com/nacionales/meduca-y-css-implementaran-aulas-clases-ninos-hospitalizados-largos-periodos-n6093704,telemetro.com,Spanish,,2026-10-01T19:45:00+00:00,2026-10-06T21:24:22+00:00,,gdelt,titular/metadatos
G14447c0d5d,Meduca y CSS firman acuerdo para el programa de Aulas de Atención Hospitalaria,https://www.telemetro.com/nacionales/meduca-y-css-firman-acuerdo-el-programa-aulas-atencion-hospitalaria-n6093708,telemetro.com,Spanish,,2026-10-01T19:45:00+00:00,2026-10-06T21:24:22+00:00,,gdelt,titular/metadatos
Gdf107f2074,ENA cierra el Corredor Norte en dirección a la 24 de Diciembre,https://www.telemetro.com/nacionales/ena-cierra-el-corredor-norte-direccion-la-24-diciembre-n6093714,telemetro.com,Spanish,,2026-10-01T19:45:00+00:00,2026-10-06T21:24:22+00:00,,gdelt,titular/metadatos
Ga512c57851,Detención provisional para joven imputada por homicidio de tatuador en Pedregal,https://www.telemetro.com/nacionales/detencion-provisional-joven-imputada-homicidio-tatuador-pedregal-n6093701,telemetro.com,Spanish,,2026-10-01T19:45:00+00:00,2026-10-06T21:24:22+00:00,,gdelt,titular/metadatos
Gc6bfcd7f0e,Selección de Panamá empata 1 - 1 ante Nueva Zelanda y cae en penales en amistoso internacional,https://www.telemetro.com/deportes/seleccion-panama-empata-1-1-nueva-zelanda-y-cae-penales-amistoso-internacional-n6093651,telemetro.com,Spanish,,2026-10-01T15:30:00+00:00,2026-10-06T21:24:22+00:00,,gdelt,titular/metadatos
Ge92021eed0,Localizan los cuerpos sin vida de dos personas desaparecidas en el Can Macho de Monte,https://www.telemetro.com/entrevistas/nacionales/localizan-los-cuerpos-vida-dos-personas-desaparecidas-el-canon-macho-monte-n6093653,telemetro.com,Spanish,,2026-10-01T15:30:00+00:00,2026-10-06T21:24:22+00:00,,gdelt,titular/metadatos
G5ecd7435b4,"PASE - U : ¿ Dónde entregan las tarjetas hoy , 1 de octubre ? ",https://www.telemetro.com/nacionales/pase-u-donde-entregan-las-tarjetas-hoy-1-octubre-n6093649,telemetro.com,Spanish,,2026-10-01T14:45:00+00:00,2026-10-06T21:24:22+00:00,,gdelt,titular/metadatos
G63f89170ef,Mulino viaja a Asia : estos son los seis acuerdos que Panamá prevé firmar en Singapur,https://www.telemetro.com/nacionales/mulino-viaja-asia-estos-son-los-seis-acuerdos-que-panama-preve-firmar-singapur-n6093650,telemetro.com,Spanish,,2026-10-01T13:00:00+00:00,2026-10-06T21:24:22+00:00,,gdelt,titular/metadatos
Ge3ab0a7ff3,Denuncian presuntas irregularidades en el manejo de fondos en la Alcaldía de Arraiján,https://www.telemetro.com/entrevistas/nacionales/denuncian-presuntas-irregularidades-el-manejo-fondos-la-alcaldia-arraijan-n6093658,telemetro.com,Spanish,,2026-10-01T17:30:00+00:00,2026-10-06T21:24:22+00:00,,gdelt,titular/metadatos
G9ff89471a9,Vandalismo afecta pozo de agua en Chame ; IDAAN trabaja para recuperar el servicio,https://www.telemetro.com/nacionales/vandalismo-afecta-pozo-agua-chame-idaan-trabaja-recuperar-el-servicio-n6093694,telemetro.com,Spanish,,2026-10-01T17:30:00+00:00,2026-10-06T21:24:22+00:00,,gdelt,titular/metadatos
G8b37ef9533,Cancillería de Panamá presenta proyecto para ingresar a la Agencia Latinoamericana del Espacio,https://www.telemetro.com/nacionales/cancilleria-panama-presenta-proyecto-ingresar-la-agencia-latinoamericana-del-espacio-n6093696,telemetro.com,Spanish,,2026-10-01T17:30:00+00:00,2026-10-06T21:24:22+00:00,,gdelt,titular/metadatos
G1b60c24cbe,Los riesgos del deber : Mulino lamenta muerte de rescatistas en Macho de Monte,https://www.telemetro.com/nacionales/los-riesgos-del-deber-mulino-lamenta-muerte-rescatistas-macho-monte-n6093699,telemetro.com,Spanish,,2026-10-01T17:30:00+00:00,2026-10-06T21:24:22+00:00,,gdelt,titular/metadatos
G353eec4710,Experto analiza proyecto que busca regular el servicio de electricidad en Panamá,https://www.telemetro.com/entrevistas/nacionales/experto-analiza-proyecto-que-busca-regular-el-servicio-electricidad-panama-n6093659,telemetro.com,Spanish,,2026-10-01T17:30:00+00:00,2026-10-06T21:24:22+00:00,,gdelt,titular/metadatos
G1af6371f37,Lluvias y tormentas esta tarde : ¿ Dónde se concentrarán los aguaceros más fuertes ? ,https://www.telemetro.com/nacionales/lluvias-y-tormentas-esta-tarde-donde-se-concentraran-los-aguaceros-mas-fuertes-n6093698,telemetro.com,Spanish,,2026-10-01T17:30:00+00:00,2026-10-06T21:24:22+00:00,,gdelt,titular/metadatos
G782599052e,Gordito del Zodiaco se juega mañana : hora y detalles del sorteo,https://www.telemetro.com/entretenimiento/gordito-del-zodiaco-se-juega-manana-hora-y-detalles-del-sorteo-n6093695,telemetro.com,Spanish,,2026-10-01T17:30:00+00:00,2026-10-06T21:24:22+00:00,,gdelt,titular/metadatos
G6ebc983828," ¡ Atención , Veracruz ! Estos son los horarios del toque de queda",https://www.telemetro.com/nacionales/atencion-veracruz-estos-son-los-horarios-del-toque-queda-n6093681,telemetro.com,Spanish,,2026-10-01T17:30:00+00:00,2026-10-06T21:24:22+00:00,,gdelt,titular/metadatos
G340924dc49,Feria de las Flores y del Café abre convocatoria : MIDA mantiene el plazo hasta el 30 de octubre,https://www.telemetro.com/nacionales/feria-las-flores-y-del-cafe-abre-convocatoria-mida-mantiene-el-plazo-el-30-octubre-n6093691,telemetro.com,Spanish,,2026-10-01T17:30:00+00:00,2026-10-06T21:24:22+00:00,,gdelt,titular/metadatos
Gf71eda7cfa,Alcaldía de Panamá reabre Centro de Atención al Contribuyente : horario y trámites disponibles,https://www.telemetro.com/nacionales/alcaldia-panama-reabre-centro-atencion-al-contribuyente-horario-y-tramites-disponibles-n6093692,telemetro.com,Spanish,,2026-10-01T17:30:00+00:00,2026-10-06T21:24:22+00:00,,gdelt,titular/metadatos
G585dbcd0c4,José Emilio Moreno asume la rectoría de la UP y anuncia una nueva carrera,https://www.telemetro.com/nacionales/jose-emilio-moreno-asume-la-rectoria-la-up-y-anuncia-una-nueva-carrera-n6093723,telemetro.com,Spanish,,2026-10-01T22:00:00+00:00,2026-10-06T21:24:22+00:00,,gdelt,titular/metadatos
G3772d6dbd9,ATTT aclara la confusión sobre el nuevo trámite de licencias en Sertracen,https://www.telemetro.com/nacionales/attt-aclara-la-confusion-el-nuevo-tramite-licencias-sertracen-n6093734,telemetro.com,Spanish,,2026-10-01T22:00:00+00:00,2026-10-06T21:24:22+00:00,,gdelt,titular/metadatos
G6616df5d4f,Nataly Delgado recibe reconocimiento tras conquistar título mundial supermosca de la AMB,https://www.telemetro.com/deportes/nataly-delgado-recibe-reconocimiento-conquistar-titulo-mundial-supermosca-la-amb-n6093735,telemetro.com,Spanish,,2026-10-01T22:00:00+00:00,2026-10-06T21:24:22+00:00,,gdelt,titular/metadatos
Ga941473c12,Accidente en Penonomé : colisión entre dos pick - up deja tres personas trasladadas,https://www.telemetro.com/nacionales/accidente-penonome-colision-dos-pick-up-deja-tres-personas-trasladadas-n6093727,telemetro.com,Spanish,,2026-10-01T22:00:00+00:00,2026-10-06T21:24:22+00:00,,gdelt,titular/metadatos
Gf80dcd9bdd,Comarca Ngäbe - Buglé tendrá su primer hospital : estará ubicado en Chichica,https://www.telemetro.com/nacionales/comarca-ngabe-bugle-tendra-su-primer-hospital-estara-ubicado-chichica-n6093729,telemetro.com,Spanish,,2026-10-01T22:00:00+00:00,2026-10-06T21:24:22+00:00,,gdelt,titular/metadatos
Gf1e0e44c28,Mujeres mayores de 40 años podrán hacerse mamografías sin orden médica : conozca los centros,https://www.telemetro.com/nacionales/mujeres-mayores-40-anos-podran-hacerse-mamografias-orden-medica-conozca-los-centros-n6093725,telemetro.com,Spanish,,2026-10-01T22:00:00+00:00,2026-10-06T21:24:22+00:00,,gdelt,titular/metadatos
G1db000c0d5,ITSE : Dafni Mora toma posesión como nueva gerente educativa,https://www.telemetro.com/nacionales/itse-dafni-mora-toma-posesion-como-nueva-gerente-educativa-n6093730,telemetro.com,Spanish,,2026-10-01T22:00:00+00:00,2026-10-06T21:24:22+00:00,,gdelt,titular/metadatos
G65be86f685,"Christa Pike , condenada a muerte , sobrevive a intento de ejecución con inyección letal en Tennessee",https://www.telemetro.com/internacionales/christa-pike-condenada-muerte-sobrevive-intento-ejecucion-inyeccion-letal-tennessee-n6093738,telemetro.com,Spanish,,2026-10-01T22:00:00+00:00,2026-10-06T21:24:22+00:00,,gdelt,titular/metadatos
G7e1c2c5c42,PASE - U : IFARHU entregará tarjetas PUNCH del 5 al 10 de octubre en estas zonas,https://www.telemetro.com/nacionales/pase-u-ifarhu-entregara-tarjetas-punch-del-5-al-10-octubre-estas-zonas-n6093731,telemetro.com,Spanish,,2026-10-01T22:00:00+00:00,2026-10-06T21:24:22+00:00,,gdelt,titular/metadatos
G8ee0c97f53,Toque de queda en Veracruz : horarios para menores y adultos del 1 al 12 de octubre,https://www.telemetro.com/nacionales/toque-queda-veracruz-horarios-menores-y-adultos-del-1-al-12-octubre-n6093657,telemetro.com,Spanish,,2026-10-01T14:45:00+00:00,2026-10-06T21:24:22+00:00,,gdelt,titular/metadatos
Gdd2a31f1e3, ¿ Se puede trabajar en Estados Unidos con visa B1 / B2 ? Embajada aclara su uso,https://www.telemetro.com/nacionales/se-puede-trabajar-estados-unidos-visa-b1b2-embajada-aclara-su-uso-n6093666,telemetro.com,Spanish,,2026-10-01T14:45:00+00:00,2026-10-06T21:24:22+00:00,,gdelt,titular/metadatos
G3f6ba2bdf2,Día Internacional del Café : una fecha para celebrar una de las bebidas favoritas,https://www.telemetro.com/entretenimiento/dia-internacional-del-cafe-una-fecha-celebrar-una-las-bebidas-favoritas-n6093388,telemetro.com,Spanish,,2026-10-01T13:00:00+00:00,2026-10-06T21:24:22+00:00,,gdelt,titular/metadatos
G5314a21a84,Sicarios en moto matan a joven en minisúper de Santa Rita,https://www.laestrella.com.pa/panama/nacional/sicarios-en-moto-matan-a-joven-en-minisuper-de-santa-rita-IG26021009,laestrella.com.pa,Spanish,,2026-09-27T17:15:00+00:00,2026-10-06T21:24:22+00:00,,gdelt,titular/metadatos
G0ac84316ea,Ciudadano queda hospitalizado tras ser embestido por un toro en el Festival de la Mejorana,https://www.laestrella.com.pa/panama/nacional/ciudadano-queda-hospitalizado-tras-ser-embestido-por-un-toro-en-el-festival-de-la-mejorana-GG26022136,laestrella.com.pa,Spanish,,2026-09-27T17:15:00+00:00,2026-10-06T21:24:22+00:00,,gdelt,titular/metadatos
G19f193852c,Gremios empresariales piden corregir el rumbo de las reformas electorales,https://www.laestrella.com.pa/panama/nacional/gremios-empresariales-piden-corregir-el-rumbo-de-las-reformas-electorales-AG26021504,laestrella.com.pa,Spanish,,2026-09-27T17:15:00+00:00,2026-10-06T21:24:22+00:00,,gdelt,titular/metadatos
G2976a2bfaa,Gremios empresariales cuestionan cambios a reformas electorales,https://www.laestrella.com.pa/panama/politica/gremios-empresariales-cuestionan-cambios-a-reformas-electorales-OH26034912,laestrella.com.pa,Spanish,,2026-09-28T07:30:00+00:00,2026-10-06T21:24:22+00:00,,gdelt,titular/metadatos
G3aeecad8e1,Contraloría refrenda obra del MOP con fianza menor a la normativa,https://www.laestrella.com.pa/panama/nacional/contraloria-refrenda-obra-del-mop-con-fianza-menor-a-la-normativa-GH26033489,laestrella.com.pa,Spanish,,2026-09-28T07:30:00+00:00,2026-10-06T21:24:22+00:00,,gdelt,titular/metadatos
G6c255b4ca3,"ImprovFest 2026 : un mes para improvisar , crear y sorprender al público",https://www.laestrella.com.pa/vida-y-cultura/teatro/improvfest-2026-un-mes-para-improvisar-crear-y-sorprender-al-publico-BH26034603,laestrella.com.pa,Spanish,,2026-09-28T07:30:00+00:00,2026-10-06T21:24:22+00:00,,gdelt,titular/metadatos
G93dc150904,"El Niño extremo podría restar 2 % al PIB regional y sumar 4 , 8 millones de pobres",https://www.laestrella.com.pa/economia/el-nino-extremo-podria-restar-2-al-pib-regional-y-sumar-48-millones-de-pobres-IG26026970,laestrella.com.pa,Spanish,,2026-09-28T07:30:00+00:00,2026-10-06T21:24:22+00:00,,gdelt,titular/metadatos
G53a71ffd05,"Junior Béjar :  La pelea no se da solo en el ring , sino en la vida  ",https://www.laestrella.com.pa/vida-y-cultura/cine/junior-bejar-la-pelea-no-se-da-solo-en-el-ring-sino-en-la-vida-DH25997721,laestrella.com.pa,Spanish,,2026-09-28T07:30:00+00:00,2026-10-06T21:24:22+00:00,,gdelt,titular/metadatos
G28b0fa0496,Congestión portuaria y falta de infraestructura digital ponen presión a Panamá,https://www.laestrella.com.pa/economia/congestion-portuaria-y-falta-de-infraestructura-digital-ponen-presion-a-panama-DH26034698,laestrella.com.pa,Spanish,,2026-09-28T07:30:00+00:00,2026-10-06T21:24:22+00:00,,gdelt,titular/metadatos
G410f31b007,16 agrupaciones se mueven para convertirse en partidos políticos,https://www.laestrella.com.pa/panama/politica/16-agrupaciones-se-mueven-para-convertirse-en-partidos-politicos-IH26034862,laestrella.com.pa,Spanish,,2026-09-28T07:30:00+00:00,2026-10-06T21:24:22+00:00,,gdelt,titular/metadatos
G7d42aa0f4b,Clima en Panamá : Pronóstico para este lunes 28 de septiembre,https://www.laestrella.com.pa/panama/informacion-util/clima-en-panama-pronostico-para-este-lunes-28-de-septiembre-HH26039097,laestrella.com.pa,Spanish,,2026-09-28T12:15:00+00:00,2026-10-06T21:24:22+00:00,,gdelt,titular/metadatos
Gf99711b2d8,"Siguiente parada , Japón : Panamá llega a tierras niponas para jugar ante Nueva Zelanda",https://www.laestrella.com.pa/deportes/futbol/siguiente-parada-japon-panama-llega-a-tierras-niponas-para-jugar-ante-nueva-zelanda-DA26044632,laestrella.com.pa,Spanish,,2026-09-28T17:15:00+00:00,2026-10-06T21:24:22+00:00,,gdelt,titular/metadatos
Ga1cd51edd5,Hallan sin vida a pasajero dentro de un taxi en Cabo Verde,https://www.laestrella.com.pa/panama/nacional/hallan-sin-vida-a-pasajero-dentro-de-un-taxi-en-cabo-verde-DA26040517,laestrella.com.pa,Spanish,,2026-09-28T17:15:00+00:00,2026-10-06T21:24:22+00:00,,gdelt,titular/metadatos
Gf2d8cb1cf0,Cuarto Puente sobre el Canal : MOP anuncia cierres y desvíos este 28 y 29 de septiembre,https://www.laestrella.com.pa/panama/informacion-util/cuarto-puente-sobre-el-canal-mop-anuncia-cierres-y-desvios-este-28-y-29-de-septiembre-AA26043047,laestrella.com.pa,Spanish,,2026-09-28T17:15:00+00:00,2026-10-06T21:24:22+00:00,,gdelt,titular/metadatos
G0a7830f8b9,Unachi pide B /. 7 . 7 millones para pagar planillas atrasadas y revela deuda de B /. 15 millones con la CSS,https://www.laestrella.com.pa/panama/nacional/unachi-pide-b-77-millones-para-pagar-planillas-atrasadas-y-revela-deuda-de-b-15-millones-con-la-css-MA26041827,laestrella.com.pa,Spanish,,2026-09-28T17:15:00+00:00,2026-10-06T21:24:22+00:00,,gdelt,titular/metadatos
Gf8b7a8013b,Demna devuelve glamour y rebeldía a Gucci en los desfiles de Milán,https://www.laestrella.com.pa/vida-y-cultura/moda/demna-devuelve-glamour-y-rebeldia-a-gucci-en-los-desfiles-de-milan-HH26034553,laestrella.com.pa,Spanish,,2026-09-28T07:30:00+00:00,2026-10-06T21:24:22+00:00,,gdelt,titular/metadatos
G0c20743972,Panamá ante el reloj demográfico : Oportunidades que se escapan y política económicas que no llegan,https://www.laestrella.com.pa/economia/panama-ante-el-reloj-demografico-oportunidades-que-se-escapan-y-politica-economicas-que-no-llegan-EH26034671,laestrella.com.pa,Spanish,,2026-09-28T07:30:00+00:00,2026-10-06T21:24:22+00:00,,gdelt,titular/metadatos
G5867c0291c,Márquez Amado :  El aumento del financiamiento en la reforma electoral es la avaricia de los politiqueros  ,https://www.laestrella.com.pa/panama/politica/marquez-amado-el-aumento-del-financiamiento-en-la-reforma-electoral-es-la-avaricia-de-los-politiqueros-PH26035318,laestrella.com.pa,Spanish,,2026-09-28T07:30:00+00:00,2026-10-06T21:24:22+00:00,,gdelt,titular/metadatos
